#
# There is insufficient memory for the Java Runtime Environment to continue.
# Native memory allocation (malloc) failed to allocate 2369936 bytes. Error detail: Chunk::new
# Possible reasons:
#   The system is out of physical RAM or swap space
#   This process is running with CompressedOops enabled, and the Java Heap may be blocking the growth of the native heap
# Possible solutions:
#   Reduce memory load on the system
#   Increase physical memory or swap space
#   Check if swap backing store is full
#   Decrease Java heap size (-Xmx/-Xms)
#   Decrease number of Java threads
#   Decrease Java thread stack sizes (-Xss)
#   Set larger code cache with -XX:ReservedCodeCacheSize=
#   JVM is running with Unscaled Compressed Oops mode in which the Java heap is
#     placed in the first 4GB address space. The Java Heap base address is the
#     maximum limit for the native heap growth. Please use -XX:HeapBaseMinAddress
#     to set the Java Heap base and to place the Java Heap above 4GB virtual address.
# This output file may be truncated or incomplete.
#
#  Out of Memory Error (arena.cpp:168), pid=568, tid=17676
#
# JRE version: OpenJDK Runtime Environment (21.0.10) (build 21.0.10+-14961533-b1163.108)
# Java VM: OpenJDK 64-Bit Server VM (21.0.10+-14961533-b1163.108, mixed mode, tiered, compressed oops, compressed class ptrs, g1 gc, windows-amd64)
# No core dump will be written. Minidumps are not enabled by default on client versions of Windows
#

---------------  S U M M A R Y ------------

Command Line: --add-opens=java.base/java.lang=ALL-UNNAMED --add-opens=java.base/java.lang.invoke=ALL-UNNAMED --add-opens=java.base/java.util=ALL-UNNAMED --add-opens=java.prefs/java.util.prefs=ALL-UNNAMED --add-exports=jdk.compiler/com.sun.tools.javac.api=ALL-UNNAMED --add-exports=jdk.compiler/com.sun.tools.javac.util=ALL-UNNAMED --add-opens=java.base/java.nio.charset=ALL-UNNAMED --add-opens=java.base/java.net=ALL-UNNAMED --add-opens=java.base/java.util.concurrent=ALL-UNNAMED --add-opens=java.base/java.util.concurrent.atomic=ALL-UNNAMED --add-opens=java.xml/javax.xml.namespace=ALL-UNNAMED --add-opens=java.base/java.time=ALL-UNNAMED -Xmx2048m -Dfile.encoding=UTF-8 -Duser.country=US -Duser.language=en -Duser.variant -javaagent:C:\Users\MOSES\.gradle\wrapper\dists\gradle-9.5.0-bin\bvnork1r7n8i6kp5cnkibsc9q\gradle-9.5.0\lib\agents\gradle-instrumentation-agent-9.5.0.jar org.gradle.launcher.daemon.bootstrap.GradleDaemon 9.5.0

Host: Intel(R) Core(TM) i5-3337U CPU @ 1.80GHz, 4 cores, 7G,  Windows 11 , 64 bit Build 22000 (10.0.22000.2538)
Time: Sat Aug 29 13:09:55 2026 W. Central Africa Standard Time elapsed time: 589.170977 seconds (0d 0h 9m 49s)

---------------  T H R E A D  ---------------

Current thread (0x000001a2c21b47d0):  JavaThread "C2 CompilerThread0" daemon [_thread_in_native, id=17676, stack(0x0000005b45d00000,0x0000005b45e00000) (1024K)]


Current CompileTask:
C2:589171 20264   !   4       org.jetbrains.kotlin.metadata.ProtoBuf$Function::<init> (1790 bytes)

Stack: [0x0000005b45d00000,0x0000005b45e00000]
Native frames: (J=compiled Java code, j=interpreted, Vv=VM code, C=native code)
V  [jvm.dll+0x6d78a9]
V  [jvm.dll+0x8665b3]
V  [jvm.dll+0x868bde]
V  [jvm.dll+0x8692c3]
V  [jvm.dll+0x280ee6]
V  [jvm.dll+0xc07cd]
V  [jvm.dll+0xc0d03]
V  [jvm.dll+0x3ba091]
V  [jvm.dll+0x385df7]
V  [jvm.dll+0x38526a]
V  [jvm.dll+0x249bd2]
V  [jvm.dll+0x2491a1]
V  [jvm.dll+0x1c76e4]
V  [jvm.dll+0x25891e]
V  [jvm.dll+0x256e66]
V  [jvm.dll+0x3f513e]
V  [jvm.dll+0x80fd28]
V  [jvm.dll+0x6d60fd]
C  [ucrtbase.dll+0x26c0c]
C  [KERNEL32.DLL+0x153e0]
C  [ntdll.dll+0x485b]


---------------  P R O C E S S  ---------------

Threads class SMR info:
_java_thread_list=0x000001a2cc193710, length=110, elements={
0x000001a2ab16af30, 0x000001a2c2186600, 0x000001a2c218b4a0, 0x000001a2c218bf00,
0x000001a2c21b1580, 0x000001a2c21b1fe0, 0x000001a2c21b2a40, 0x000001a2c21b34a0,
0x000001a2c21b47d0, 0x000001a2c21ef240, 0x000001a2c2448670, 0x000001a2c7a4ced0,
0x000001a2c7b5a4f0, 0x000001a2c8675c10, 0x000001a2c2793ba0, 0x000001a2c2794f50,
0x000001a2c27948c0, 0x000001a2c956c0c0, 0x000001a2c956ba30, 0x000001a2c9567200,
0x000001a2c9567890, 0x000001a2c956c750, 0x000001a2c9567f20, 0x000001a2c95692d0,
0x000001a2cacf6070, 0x000001a2cacf8140, 0x000001a2cacf8e60, 0x000001a2cacf6d90,
0x000001a2cacf94f0, 0x000001a2cacf6700, 0x000001a2cacf7420, 0x000001a2cacf7ab0,
0x000001a2c9565e50, 0x000001a2c9565130, 0x000001a2c95657c0, 0x000001a2c9568c40,
0x000001a2c956a680, 0x000001a2c956b3a0, 0x000001a2c2793510, 0x000001a2c2794230,
0x000001a2c27927f0, 0x000001a2c73c7eb0, 0x000001a2c73c7820, 0x000001a2c73c6470,
0x000001a2c73c5de0, 0x000001a2c73c8540, 0x000001a2c73c2960, 0x000001a2c73c9f80,
0x000001a2c73c2ff0, 0x000001a2c73c6b00, 0x000001a2c73c3d10, 0x000001a2c73c8bd0,
0x000001a2c73c50c0, 0x000001a2c73c43a0, 0x000001a2ca3ed850, 0x000001a2ca3e9d40,
0x000001a2ca3ea3d0, 0x000001a2ca3e6f50, 0x000001a2ca3e96b0, 0x000001a2ca3eaa60,
0x000001a2ca3e9020, 0x000001a2ca3ed1c0, 0x000001a2ca3edee0, 0x000001a2ca3ee570,
0x000001a2ca3e75e0, 0x000001a2ca3e8990, 0x000001a2ca3eb0f0, 0x000001a2ca3eb780,
0x000001a2ca3e7c70, 0x000001a2ca3ebe10, 0x000001a2ca3e8300, 0x000001a2ca3ec4a0,
0x000001a2ca3ecb30, 0x000001a2c8f025e0, 0x000001a2c8f03990, 0x000001a2c8f018c0,
0x000001a2c8f053d0, 0x000001a2c8efe440, 0x000001a2c8eff160, 0x000001a2c8f01f50,
0x000001a2c8f02c70, 0x000001a2c8f04020, 0x000001a2c8f03300, 0x000001a2c8eff7f0,
0x000001a2c8f05a60, 0x000001a2c8f046b0, 0x000001a2c8f04d40, 0x000001a2c8effe80,
0x000001a2c8f01230, 0x000001a2c8efead0, 0x000001a2cb0c04c0, 0x000001a2cb0c0b50,
0x000001a2cb0c1870, 0x000001a2cb0c4660, 0x000001a2cb0c3fd0, 0x000001a2cb0c6dc0,
0x000001a2cb0c6730, 0x000001a2cb0bfe30, 0x000001a2cb0c1f00, 0x000001a2cb0c5a10,
0x000001a2cb0c7450, 0x000001a2cb0c5380, 0x000001a2cb0c3940, 0x000001a2cb0c4cf0,
0x000001a2cb0c2590, 0x000001a2cbe28520, 0x000001a2ca3fd850, 0x000001a2c9e33750,
0x000001a2c9e30ff0, 0x000001a2cc3a25b0
}

Java Threads: ( => current thread )
  0x000001a2ab16af30 JavaThread "main"                              [_thread_blocked, id=4968, stack(0x0000005b44e00000,0x0000005b44f00000) (1024K)]
  0x000001a2c2186600 JavaThread "Common-Cleaner"             daemon [_thread_blocked, id=16432, stack(0x0000005b45600000,0x0000005b45700000) (1024K)]
  0x000001a2c218b4a0 JavaThread "Reference Handler"          daemon [_thread_blocked, id=25472, stack(0x0000005b45700000,0x0000005b45800000) (1024K)]
  0x000001a2c218bf00 JavaThread "Finalizer"                  daemon [_thread_blocked, id=1812, stack(0x0000005b45800000,0x0000005b45900000) (1024K)]
  0x000001a2c21b1580 JavaThread "Signal Dispatcher"          daemon [_thread_blocked, id=12272, stack(0x0000005b45900000,0x0000005b45a00000) (1024K)]
  0x000001a2c21b1fe0 JavaThread "Attach Listener"            daemon [_thread_blocked, id=11644, stack(0x0000005b45a00000,0x0000005b45b00000) (1024K)]
  0x000001a2c21b2a40 JavaThread "Service Thread"             daemon [_thread_blocked, id=22328, stack(0x0000005b45b00000,0x0000005b45c00000) (1024K)]
  0x000001a2c21b34a0 JavaThread "Monitor Deflation Thread"   daemon [_thread_blocked, id=15512, stack(0x0000005b45c00000,0x0000005b45d00000) (1024K)]
=>0x000001a2c21b47d0 JavaThread "C2 CompilerThread0"         daemon [_thread_in_native, id=17676, stack(0x0000005b45d00000,0x0000005b45e00000) (1024K)]
  0x000001a2c21ef240 JavaThread "C1 CompilerThread0"         daemon [_thread_blocked, id=7920, stack(0x0000005b45e00000,0x0000005b45f00000) (1024K)]
  0x000001a2c2448670 JavaThread "Notification Thread"        daemon [_thread_blocked, id=19760, stack(0x0000005b45f00000,0x0000005b46000000) (1024K)]
  0x000001a2c7a4ced0 JavaThread "Daemon health stats"               [_thread_blocked, id=9324, stack(0x0000005b46300000,0x0000005b46400000) (1024K)]
  0x000001a2c7b5a4f0 JavaThread "Incoming local TCP Connector on port 52911"        [_thread_in_native, id=16240, stack(0x0000005b46400000,0x0000005b46500000) (1024K)]
  0x000001a2c8675c10 JavaThread "Daemon periodic checks"            [_thread_blocked, id=24468, stack(0x0000005b46500000,0x0000005b46600000) (1024K)]
  0x000001a2c2793ba0 JavaThread "Cache worker for journal cache (C:\Users\MOSES\.gradle\caches\journal-1)"        [_thread_blocked, id=24272, stack(0x0000005b46d00000,0x0000005b46e00000) (1024K)]
  0x000001a2c2794f50 JavaThread "File lock request listener"        [_thread_in_native, id=22100, stack(0x0000005b46e00000,0x0000005b46f00000) (1024K)]
  0x000001a2c27948c0 JavaThread "Cache worker for file hash cache (C:\Users\MOSES\.gradle\caches\9.5.0\fileHashes)"        [_thread_blocked, id=1104, stack(0x0000005b46f00000,0x0000005b47000000) (1024K)]
  0x000001a2c956c0c0 JavaThread "Cache worker for file content cache (C:\Users\MOSES\.gradle\caches\9.5.0\fileContent)"        [_thread_blocked, id=22700, stack(0x0000005b47000000,0x0000005b47100000) (1024K)]
  0x000001a2c956ba30 JavaThread "File watcher server"        daemon [_thread_in_native, id=20028, stack(0x0000005b47100000,0x0000005b47200000) (1024K)]
  0x000001a2c9567200 JavaThread "File watcher consumer"      daemon [_thread_blocked, id=15116, stack(0x0000005b47200000,0x0000005b47300000) (1024K)]
  0x000001a2c9567890 JavaThread "jar transforms"                    [_thread_blocked, id=1984, stack(0x0000005b47500000,0x0000005b47600000) (1024K)]
  0x000001a2c956c750 JavaThread "jar transforms Thread 2"           [_thread_blocked, id=21248, stack(0x0000005b47600000,0x0000005b47700000) (1024K)]
  0x000001a2c9567f20 JavaThread "jar transforms Thread 3"           [_thread_blocked, id=18848, stack(0x0000005b47700000,0x0000005b47800000) (1024K)]
  0x000001a2c95692d0 JavaThread "jar transforms Thread 4"           [_thread_blocked, id=14796, stack(0x0000005b47800000,0x0000005b47900000) (1024K)]
  0x000001a2cacf6070 JavaThread "Daemon Thread 2"                   [_thread_blocked, id=2492, stack(0x0000005b44b00000,0x0000005b44c00000) (1024K)]
  0x000001a2cacf8140 JavaThread "Handler for socket connection from /127.0.0.1:52911 to /127.0.0.1:53027"        [_thread_in_native, id=4436, stack(0x0000005b46600000,0x0000005b46700000) (1024K)]
  0x000001a2cacf8e60 JavaThread "Cancel handler"                    [_thread_blocked, id=22196, stack(0x0000005b46700000,0x0000005b46800000) (1024K)]
  0x000001a2cacf6d90 JavaThread "Daemon worker Thread 2"            [_thread_in_Java, id=25764, stack(0x0000005b46800000,0x0000005b46900000) (1024K)]
  0x000001a2cacf94f0 JavaThread "Asynchronous log dispatcher for DefaultDaemonConnection: socket connection from /127.0.0.1:52911 to /127.0.0.1:53027"        [_thread_blocked, id=27372, stack(0x0000005b46900000,0x0000005b46a00000) (1024K)]
  0x000001a2cacf6700 JavaThread "Stdin handler"                     [_thread_blocked, id=29604, stack(0x0000005b46a00000,0x0000005b46b00000) (1024K)]
  0x000001a2cacf7420 JavaThread "Daemon client event forwarder"        [_thread_blocked, id=10164, stack(0x0000005b46b00000,0x0000005b46c00000) (1024K)]
  0x000001a2cacf7ab0 JavaThread "Cache worker for file hash cache (C:\Users\MOSES\AndroidStudioProjects\Pikop\.gradle\9.5.0\fileHashes)"        [_thread_blocked, id=8076, stack(0x0000005b46c00000,0x0000005b46d00000) (1024K)]
  0x000001a2c9565e50 JavaThread "Cache worker for checksums cache (C:\Users\MOSES\AndroidStudioProjects\Pikop\.gradle\9.5.0\checksums)"        [_thread_blocked, id=19640, stack(0x0000005b47300000,0x0000005b47400000) (1024K)]
  0x000001a2c9565130 JavaThread "Cache worker for Build Output Cleanup Cache (C:\Users\MOSES\AndroidStudioProjects\Pikop\.gradle\buildOutputCleanup)"        [_thread_blocked, id=12684, stack(0x0000005b47400000,0x0000005b47500000) (1024K)]
  0x000001a2c95657c0 JavaThread "Cache worker for cache directory md-supplier (C:\Users\MOSES\.gradle\caches\9.5.0\md-supplier)"        [_thread_blocked, id=3420, stack(0x0000005b47900000,0x0000005b47a00000) (1024K)]
  0x000001a2c9568c40 JavaThread "Cache worker for cache directory md-rule (C:\Users\MOSES\.gradle\caches\9.5.0\md-rule)"        [_thread_blocked, id=28268, stack(0x0000005b47a00000,0x0000005b47b00000) (1024K)]
  0x000001a2c956a680 JavaThread "Build operations"                  [_thread_blocked, id=7784, stack(0x0000005b47b00000,0x0000005b47c00000) (1024K)]
  0x000001a2c956b3a0 JavaThread "Build operations Thread 2"         [_thread_blocked, id=22128, stack(0x0000005b47c00000,0x0000005b47d00000) (1024K)]
  0x000001a2c2793510 JavaThread "Build operations Thread 3"         [_thread_blocked, id=28736, stack(0x0000005b47d00000,0x0000005b47e00000) (1024K)]
  0x000001a2c2794230 JavaThread "Build operations Thread 4"         [_thread_blocked, id=17104, stack(0x0000005b47e00000,0x0000005b47f00000) (1024K)]
  0x000001a2c27927f0 JavaThread "Configuration cache report writer"        [_thread_blocked, id=24924, stack(0x0000005b48000000,0x0000005b48100000) (1024K)]
  0x000001a2c73c7eb0 JavaThread "Unconstrained build operations"        [_thread_blocked, id=27680, stack(0x0000005b48100000,0x0000005b48200000) (1024K)]
  0x000001a2c73c7820 JavaThread "Unconstrained build operations Thread 2"        [_thread_blocked, id=28488, stack(0x0000005b48200000,0x0000005b48300000) (1024K)]
  0x000001a2c73c6470 JavaThread "Unconstrained build operations Thread 3"        [_thread_blocked, id=29360, stack(0x0000005b48300000,0x0000005b48400000) (1024K)]
  0x000001a2c73c5de0 JavaThread "Unconstrained build operations Thread 4"        [_thread_blocked, id=27444, stack(0x0000005b48400000,0x0000005b48500000) (1024K)]
  0x000001a2c73c8540 JavaThread "Unconstrained build operations Thread 5"        [_thread_blocked, id=26428, stack(0x0000005b48500000,0x0000005b48600000) (1024K)]
  0x000001a2c73c2960 JavaThread "Unconstrained build operations Thread 6"        [_thread_blocked, id=9976, stack(0x0000005b48600000,0x0000005b48700000) (1024K)]
  0x000001a2c73c9f80 JavaThread "Unconstrained build operations Thread 7"        [_thread_blocked, id=28064, stack(0x0000005b48700000,0x0000005b48800000) (1024K)]
  0x000001a2c73c2ff0 JavaThread "Unconstrained build operations Thread 8"        [_thread_blocked, id=26296, stack(0x0000005b48800000,0x0000005b48900000) (1024K)]
  0x000001a2c73c6b00 JavaThread "Unconstrained build operations Thread 9"        [_thread_blocked, id=16152, stack(0x0000005b48900000,0x0000005b48a00000) (1024K)]
  0x000001a2c73c3d10 JavaThread "Unconstrained build operations Thread 10"        [_thread_blocked, id=26704, stack(0x0000005b48a00000,0x0000005b48b00000) (1024K)]
  0x000001a2c73c8bd0 JavaThread "Unconstrained build operations Thread 11"        [_thread_blocked, id=16888, stack(0x0000005b48b00000,0x0000005b48c00000) (1024K)]
  0x000001a2c73c50c0 JavaThread "Unconstrained build operations Thread 12"        [_thread_blocked, id=13380, stack(0x0000005b48c00000,0x0000005b48d00000) (1024K)]
  0x000001a2c73c43a0 JavaThread "Unconstrained build operations Thread 13"        [_thread_blocked, id=5356, stack(0x0000005b48d00000,0x0000005b48e00000) (1024K)]
  0x000001a2ca3ed850 JavaThread "Unconstrained build operations Thread 14"        [_thread_blocked, id=8012, stack(0x0000005b48e00000,0x0000005b48f00000) (1024K)]
  0x000001a2ca3e9d40 JavaThread "Unconstrained build operations Thread 15"        [_thread_blocked, id=20264, stack(0x0000005b48f00000,0x0000005b49000000) (1024K)]
  0x000001a2ca3ea3d0 JavaThread "Unconstrained build operations Thread 16"        [_thread_blocked, id=23944, stack(0x0000005b49000000,0x0000005b49100000) (1024K)]
  0x000001a2ca3e6f50 JavaThread "Unconstrained build operations Thread 17"        [_thread_blocked, id=21356, stack(0x0000005b49100000,0x0000005b49200000) (1024K)]
  0x000001a2ca3e96b0 JavaThread "Unconstrained build operations Thread 18"        [_thread_blocked, id=9892, stack(0x0000005b49200000,0x0000005b49300000) (1024K)]
  0x000001a2ca3eaa60 JavaThread "Unconstrained build operations Thread 19"        [_thread_blocked, id=27488, stack(0x0000005b49300000,0x0000005b49400000) (1024K)]
  0x000001a2ca3e9020 JavaThread "Unconstrained build operations Thread 20"        [_thread_blocked, id=13936, stack(0x0000005b49400000,0x0000005b49500000) (1024K)]
  0x000001a2ca3ed1c0 JavaThread "Unconstrained build operations Thread 21"        [_thread_blocked, id=7696, stack(0x0000005b49500000,0x0000005b49600000) (1024K)]
  0x000001a2ca3edee0 JavaThread "Unconstrained build operations Thread 22"        [_thread_blocked, id=25420, stack(0x0000005b49600000,0x0000005b49700000) (1024K)]
  0x000001a2ca3ee570 JavaThread "Unconstrained build operations Thread 23"        [_thread_blocked, id=18652, stack(0x0000005b49700000,0x0000005b49800000) (1024K)]
  0x000001a2ca3e75e0 JavaThread "Unconstrained build operations Thread 24"        [_thread_blocked, id=13092, stack(0x0000005b49800000,0x0000005b49900000) (1024K)]
  0x000001a2ca3e8990 JavaThread "Unconstrained build operations Thread 25"        [_thread_blocked, id=23264, stack(0x0000005b49900000,0x0000005b49a00000) (1024K)]
  0x000001a2ca3eb0f0 JavaThread "Unconstrained build operations Thread 26"        [_thread_blocked, id=29516, stack(0x0000005b49a00000,0x0000005b49b00000) (1024K)]
  0x000001a2ca3eb780 JavaThread "Unconstrained build operations Thread 27"        [_thread_blocked, id=27708, stack(0x0000005b49b00000,0x0000005b49c00000) (1024K)]
  0x000001a2ca3e7c70 JavaThread "Unconstrained build operations Thread 28"        [_thread_blocked, id=16212, stack(0x0000005b49c00000,0x0000005b49d00000) (1024K)]
  0x000001a2ca3ebe10 JavaThread "Unconstrained build operations Thread 29"        [_thread_blocked, id=25532, stack(0x0000005b49d00000,0x0000005b49e00000) (1024K)]
  0x000001a2ca3e8300 JavaThread "Unconstrained build operations Thread 30"        [_thread_blocked, id=30304, stack(0x0000005b49e00000,0x0000005b49f00000) (1024K)]
  0x000001a2ca3ec4a0 JavaThread "Unconstrained build operations Thread 31"        [_thread_blocked, id=18588, stack(0x0000005b49f00000,0x0000005b4a000000) (1024K)]
  0x000001a2ca3ecb30 JavaThread "Unconstrained build operations Thread 32"        [_thread_blocked, id=16096, stack(0x0000005b4a000000,0x0000005b4a100000) (1024K)]
  0x000001a2c8f025e0 JavaThread "Unconstrained build operations Thread 33"        [_thread_blocked, id=11252, stack(0x0000005b4a100000,0x0000005b4a200000) (1024K)]
  0x000001a2c8f03990 JavaThread "Unconstrained build operations Thread 34"        [_thread_blocked, id=25468, stack(0x0000005b4a200000,0x0000005b4a300000) (1024K)]
  0x000001a2c8f018c0 JavaThread "Unconstrained build operations Thread 35"        [_thread_blocked, id=27496, stack(0x0000005b4a300000,0x0000005b4a400000) (1024K)]
  0x000001a2c8f053d0 JavaThread "Unconstrained build operations Thread 36"        [_thread_blocked, id=28084, stack(0x0000005b4a400000,0x0000005b4a500000) (1024K)]
  0x000001a2c8efe440 JavaThread "Unconstrained build operations Thread 37"        [_thread_blocked, id=18584, stack(0x0000005b4a500000,0x0000005b4a600000) (1024K)]
  0x000001a2c8eff160 JavaThread "Unconstrained build operations Thread 38"        [_thread_blocked, id=14388, stack(0x0000005b4a600000,0x0000005b4a700000) (1024K)]
  0x000001a2c8f01f50 JavaThread "Unconstrained build operations Thread 39"        [_thread_blocked, id=23676, stack(0x0000005b4a700000,0x0000005b4a800000) (1024K)]
  0x000001a2c8f02c70 JavaThread "Unconstrained build operations Thread 40"        [_thread_blocked, id=7896, stack(0x0000005b4a800000,0x0000005b4a900000) (1024K)]
  0x000001a2c8f04020 JavaThread "Unconstrained build operations Thread 41"        [_thread_blocked, id=12140, stack(0x0000005b4a900000,0x0000005b4aa00000) (1024K)]
  0x000001a2c8f03300 JavaThread "Unconstrained build operations Thread 42"        [_thread_blocked, id=3744, stack(0x0000005b4aa00000,0x0000005b4ab00000) (1024K)]
  0x000001a2c8eff7f0 JavaThread "Unconstrained build operations Thread 43"        [_thread_blocked, id=5336, stack(0x0000005b4ab00000,0x0000005b4ac00000) (1024K)]
  0x000001a2c8f05a60 JavaThread "Unconstrained build operations Thread 44"        [_thread_blocked, id=23808, stack(0x0000005b4ac00000,0x0000005b4ad00000) (1024K)]
  0x000001a2c8f046b0 JavaThread "Unconstrained build operations Thread 45"        [_thread_blocked, id=15828, stack(0x0000005b4ad00000,0x0000005b4ae00000) (1024K)]
  0x000001a2c8f04d40 JavaThread "Unconstrained build operations Thread 46"        [_thread_blocked, id=15688, stack(0x0000005b4ae00000,0x0000005b4af00000) (1024K)]
  0x000001a2c8effe80 JavaThread "Unconstrained build operations Thread 47"        [_thread_blocked, id=18076, stack(0x0000005b4af00000,0x0000005b4b000000) (1024K)]
  0x000001a2c8f01230 JavaThread "Unconstrained build operations Thread 48"        [_thread_blocked, id=28544, stack(0x0000005b4b000000,0x0000005b4b100000) (1024K)]
  0x000001a2c8efead0 JavaThread "Unconstrained build operations Thread 49"        [_thread_blocked, id=30384, stack(0x0000005b4b100000,0x0000005b4b200000) (1024K)]
  0x000001a2cb0c04c0 JavaThread "Unconstrained build operations Thread 50"        [_thread_blocked, id=144, stack(0x0000005b4b200000,0x0000005b4b300000) (1024K)]
  0x000001a2cb0c0b50 JavaThread "Unconstrained build operations Thread 51"        [_thread_blocked, id=18088, stack(0x0000005b4b300000,0x0000005b4b400000) (1024K)]
  0x000001a2cb0c1870 JavaThread "Unconstrained build operations Thread 52"        [_thread_blocked, id=23584, stack(0x0000005b4b400000,0x0000005b4b500000) (1024K)]
  0x000001a2cb0c4660 JavaThread "Unconstrained build operations Thread 53"        [_thread_blocked, id=14280, stack(0x0000005b4b500000,0x0000005b4b600000) (1024K)]
  0x000001a2cb0c3fd0 JavaThread "Unconstrained build operations Thread 54"        [_thread_blocked, id=20104, stack(0x0000005b4b600000,0x0000005b4b700000) (1024K)]
  0x000001a2cb0c6dc0 JavaThread "Unconstrained build operations Thread 55"        [_thread_blocked, id=10820, stack(0x0000005b4b700000,0x0000005b4b800000) (1024K)]
  0x000001a2cb0c6730 JavaThread "Unconstrained build operations Thread 56"        [_thread_blocked, id=11352, stack(0x0000005b4b800000,0x0000005b4b900000) (1024K)]
  0x000001a2cb0bfe30 JavaThread "Unconstrained build operations Thread 57"        [_thread_blocked, id=22820, stack(0x0000005b44c00000,0x0000005b44d00000) (1024K)]
  0x000001a2cb0c1f00 JavaThread "Unconstrained build operations Thread 58"        [_thread_blocked, id=22048, stack(0x0000005b44d00000,0x0000005b44e00000) (1024K)]
  0x000001a2cb0c5a10 JavaThread "Unconstrained build operations Thread 59"        [_thread_blocked, id=24592, stack(0x0000005b4b900000,0x0000005b4ba00000) (1024K)]
  0x000001a2cb0c7450 JavaThread "Unconstrained build operations Thread 60"        [_thread_blocked, id=12608, stack(0x0000005b4ba00000,0x0000005b4bb00000) (1024K)]
  0x000001a2cb0c5380 JavaThread "Unconstrained build operations Thread 61"        [_thread_blocked, id=7472, stack(0x0000005b4bb00000,0x0000005b4bc00000) (1024K)]
  0x000001a2cb0c3940 JavaThread "Unconstrained build operations Thread 62"        [_thread_blocked, id=15844, stack(0x0000005b4bc00000,0x0000005b4bd00000) (1024K)]
  0x000001a2cb0c4cf0 JavaThread "Unconstrained build operations Thread 63"        [_thread_blocked, id=13524, stack(0x0000005b4bd00000,0x0000005b4be00000) (1024K)]
  0x000001a2cb0c2590 JavaThread "Unconstrained build operations Thread 64"        [_thread_blocked, id=17564, stack(0x0000005b4be00000,0x0000005b4bf00000) (1024K)]
  0x000001a2cbe28520 JavaThread "pool-1-thread-1"                   [_thread_blocked, id=25384, stack(0x0000005b4bf00000,0x0000005b4c000000) (1024K)]
  0x000001a2ca3fd850 JavaThread "pool-1-thread-2"                   [_thread_blocked, id=24388, stack(0x0000005b4c000000,0x0000005b4c100000) (1024K)]
  0x000001a2c9e33750 JavaThread "DefaultDispatcher-worker-1" daemon [_thread_blocked, id=23772, stack(0x0000005b4c100000,0x0000005b4c200000) (1024K)]
  0x000001a2c9e30ff0 JavaThread "DefaultDispatcher-worker-2" daemon [_thread_blocked, id=19896, stack(0x0000005b4c200000,0x0000005b4c300000) (1024K)]
  0x000001a2cc3a25b0 JavaThread "DefaultDispatcher-worker-3" daemon [_thread_blocked, id=24700, stack(0x0000005b4c300000,0x0000005b4c400000) (1024K)]
Total: 110

Other Threads:
  0x000001a2c1fdadd0 VMThread "VM Thread"                           [id=17556, stack(0x0000005b45500000,0x0000005b45600000) (1024K)]
  0x000001a2c1f78680 WatcherThread "VM Periodic Task Thread"        [id=27604, stack(0x0000005b45400000,0x0000005b45500000) (1024K)]
  0x000001a2ab1c0fc0 WorkerThread "GC Thread#0"                     [id=2668, stack(0x0000005b44f00000,0x0000005b45000000) (1024K)]
  0x000001a2c291cf10 WorkerThread "GC Thread#1"                     [id=26752, stack(0x0000005b46000000,0x0000005b46100000) (1024K)]
  0x000001a2c221a8c0 WorkerThread "GC Thread#2"                     [id=25320, stack(0x0000005b46100000,0x0000005b46200000) (1024K)]
  0x000001a2c2c0d130 WorkerThread "GC Thread#3"                     [id=24416, stack(0x0000005b46200000,0x0000005b46300000) (1024K)]
  0x000001a2ab1d1e50 ConcurrentGCThread "G1 Main Marker"            [id=29428, stack(0x0000005b45000000,0x0000005b45100000) (1024K)]
  0x000001a2ab1d2970 WorkerThread "G1 Conc#0"                       [id=7124, stack(0x0000005b45100000,0x0000005b45200000) (1024K)]
  0x000001a2c1e410b0 ConcurrentGCThread "G1 Refine#0"               [id=26436, stack(0x0000005b45200000,0x0000005b45300000) (1024K)]
  0x000001a2c1e41ad0 ConcurrentGCThread "G1 Service"                [id=16704, stack(0x0000005b45300000,0x0000005b45400000) (1024K)]
Total: 10

Threads with active compile tasks:
C2 CompilerThread0  589252 20264   !   4       org.jetbrains.kotlin.metadata.ProtoBuf$Function::<init> (1790 bytes)
Total: 1

VM state: not at safepoint (normal execution)

VM Mutex/Monitor currently owned by a thread: None

Heap address: 0x0000000080000000, size: 2048 MB, Compressed Oops mode: 32-bit

CDS archive(s) not mapped
Compressed class space mapped at: 0x0000000100000000-0x0000000140000000, reserved size: 1073741824
Narrow klass base: 0x0000000000000000, Narrow klass shift: 3, Narrow klass range: 0x140000000

GC Precious Log:
 CardTable entry size: 512
 Card Set container configuration: InlinePtr #cards 5 size 8 Array Of Cards #cards 12 size 40 Howl #buckets 4 coarsen threshold 1843 Howl Bitmap #cards 512 size 80 coarsen threshold 460 Card regions per heap region 1 cards per card region 2048
 CPUs: 4 total, 4 available
 Memory: 8073M
 Large Page Support: Disabled
 NUMA Support: Disabled
 Compressed Oops: Enabled (32-bit)
 Heap Region Size: 1M
 Heap Min Capacity: 8M
 Heap Initial Capacity: 128M
 Heap Max Capacity: 2G
 Pre-touch: Disabled
 Parallel Workers: 4
 Concurrent Workers: 1
 Concurrent Refinement Workers: 4
 Periodic GC: Disabled

Heap:
 garbage-first heap   total 472064K, used 222208K [0x0000000080000000, 0x0000000100000000)
  region size 1024K, 30 young (30720K), 4 survivors (4096K)
 Metaspace       used 147278K, committed 149568K, reserved 1179648K
  class space    used 19086K, committed 20160K, reserved 1048576K

Heap Regions: E=young(eden), S=young(survivor), O=old, HS=humongous(starts), HC=humongous(continues), CS=collection set, F=free, TAMS=top-at-mark-start, PB=parsable bottom
|   0|0x0000000080000000, 0x0000000080100000, 0x0000000080100000|100%|HS|  |TAMS 0x0000000080100000| PB 0x0000000080000000| Complete 
|   1|0x0000000080100000, 0x0000000080200000, 0x0000000080200000|100%|HC|  |TAMS 0x0000000080200000| PB 0x0000000080100000| Complete 
|   2|0x0000000080200000, 0x0000000080300000, 0x0000000080300000|100%|HC|  |TAMS 0x0000000080300000| PB 0x0000000080200000| Complete 
|   3|0x0000000080300000, 0x0000000080400000, 0x0000000080400000|100%|HC|  |TAMS 0x0000000080400000| PB 0x0000000080300000| Complete 
|   4|0x0000000080400000, 0x0000000080500000, 0x0000000080500000|100%| O|  |TAMS 0x0000000080500000| PB 0x0000000080400000| Untracked 
|   5|0x0000000080500000, 0x0000000080600000, 0x0000000080600000|100%| O|  |TAMS 0x0000000080600000| PB 0x0000000080500000| Untracked 
|   6|0x0000000080600000, 0x0000000080700000, 0x0000000080700000|100%| O|  |TAMS 0x0000000080700000| PB 0x0000000080600000| Untracked 
|   7|0x0000000080700000, 0x0000000080800000, 0x0000000080800000|100%| O|  |TAMS 0x0000000080800000| PB 0x0000000080700000| Untracked 
|   8|0x0000000080800000, 0x0000000080900000, 0x0000000080900000|100%|HS|  |TAMS 0x0000000080900000| PB 0x0000000080800000| Complete 
|   9|0x0000000080900000, 0x0000000080a00000, 0x0000000080a00000|100%| O|  |TAMS 0x0000000080a00000| PB 0x0000000080900000| Untracked 
|  10|0x0000000080a00000, 0x0000000080b00000, 0x0000000080b00000|100%| O|  |TAMS 0x0000000080b00000| PB 0x0000000080a00000| Untracked 
|  11|0x0000000080b00000, 0x0000000080c00000, 0x0000000080c00000|100%| O|  |TAMS 0x0000000080c00000| PB 0x0000000080b00000| Untracked 
|  12|0x0000000080c00000, 0x0000000080d00000, 0x0000000080d00000|100%| O|  |TAMS 0x0000000080d00000| PB 0x0000000080c00000| Untracked 
|  13|0x0000000080d00000, 0x0000000080e00000, 0x0000000080e00000|100%| O|  |TAMS 0x0000000080e00000| PB 0x0000000080d00000| Untracked 
|  14|0x0000000080e00000, 0x0000000080f00000, 0x0000000080f00000|100%| O|  |TAMS 0x0000000080f00000| PB 0x0000000080e00000| Untracked 
|  15|0x0000000080f00000, 0x0000000081000000, 0x0000000081000000|100%| O|  |TAMS 0x0000000081000000| PB 0x0000000080f00000| Untracked 
|  16|0x0000000081000000, 0x0000000081100000, 0x0000000081100000|100%| O|  |TAMS 0x0000000081100000| PB 0x0000000081000000| Untracked 
|  17|0x0000000081100000, 0x0000000081200000, 0x0000000081200000|100%| O|  |TAMS 0x0000000081200000| PB 0x0000000081100000| Untracked 
|  18|0x0000000081200000, 0x0000000081300000, 0x0000000081300000|100%| O|  |TAMS 0x0000000081300000| PB 0x0000000081200000| Untracked 
|  19|0x0000000081300000, 0x0000000081400000, 0x0000000081400000|100%| O|  |TAMS 0x0000000081400000| PB 0x0000000081300000| Untracked 
|  20|0x0000000081400000, 0x0000000081500000, 0x0000000081500000|100%| O|  |TAMS 0x0000000081500000| PB 0x0000000081400000| Untracked 
|  21|0x0000000081500000, 0x0000000081600000, 0x0000000081600000|100%| O|  |TAMS 0x0000000081600000| PB 0x0000000081500000| Untracked 
|  22|0x0000000081600000, 0x0000000081700000, 0x0000000081700000|100%| O|  |TAMS 0x0000000081700000| PB 0x0000000081600000| Untracked 
|  23|0x0000000081700000, 0x0000000081800000, 0x0000000081800000|100%| O|  |TAMS 0x0000000081800000| PB 0x0000000081700000| Untracked 
|  24|0x0000000081800000, 0x0000000081900000, 0x0000000081900000|100%| O|  |TAMS 0x0000000081900000| PB 0x0000000081800000| Untracked 
|  25|0x0000000081900000, 0x0000000081a00000, 0x0000000081a00000|100%| O|  |TAMS 0x0000000081a00000| PB 0x0000000081900000| Untracked 
|  26|0x0000000081a00000, 0x0000000081b00000, 0x0000000081b00000|100%|HS|  |TAMS 0x0000000081b00000| PB 0x0000000081a00000| Complete 
|  27|0x0000000081b00000, 0x0000000081c00000, 0x0000000081c00000|100%| O|  |TAMS 0x0000000081c00000| PB 0x0000000081b00000| Untracked 
|  28|0x0000000081c00000, 0x0000000081d00000, 0x0000000081d00000|100%| O|  |TAMS 0x0000000081d00000| PB 0x0000000081c00000| Untracked 
|  29|0x0000000081d00000, 0x0000000081e00000, 0x0000000081e00000|100%| O|  |TAMS 0x0000000081e00000| PB 0x0000000081d00000| Untracked 
|  30|0x0000000081e00000, 0x0000000081f00000, 0x0000000081f00000|100%| O|  |TAMS 0x0000000081f00000| PB 0x0000000081e00000| Untracked 
|  31|0x0000000081f00000, 0x0000000082000000, 0x0000000082000000|100%| O|  |TAMS 0x0000000082000000| PB 0x0000000081f00000| Untracked 
|  32|0x0000000082000000, 0x0000000082100000, 0x0000000082100000|100%| O|  |TAMS 0x0000000082100000| PB 0x0000000082000000| Untracked 
|  33|0x0000000082100000, 0x0000000082200000, 0x0000000082200000|100%| O|  |TAMS 0x0000000082200000| PB 0x0000000082100000| Untracked 
|  34|0x0000000082200000, 0x0000000082300000, 0x0000000082300000|100%| O|  |TAMS 0x0000000082300000| PB 0x0000000082200000| Untracked 
|  35|0x0000000082300000, 0x0000000082400000, 0x0000000082400000|100%| O|  |TAMS 0x0000000082400000| PB 0x0000000082300000| Untracked 
|  36|0x0000000082400000, 0x0000000082500000, 0x0000000082500000|100%| O|  |TAMS 0x0000000082500000| PB 0x0000000082400000| Untracked 
|  37|0x0000000082500000, 0x0000000082600000, 0x0000000082600000|100%| O|  |TAMS 0x0000000082600000| PB 0x0000000082500000| Untracked 
|  38|0x0000000082600000, 0x0000000082700000, 0x0000000082700000|100%| O|  |TAMS 0x0000000082700000| PB 0x0000000082600000| Untracked 
|  39|0x0000000082700000, 0x0000000082800000, 0x0000000082800000|100%| O|  |TAMS 0x0000000082800000| PB 0x0000000082700000| Untracked 
|  40|0x0000000082800000, 0x0000000082900000, 0x0000000082900000|100%| O|  |TAMS 0x0000000082900000| PB 0x0000000082800000| Untracked 
|  41|0x0000000082900000, 0x0000000082a00000, 0x0000000082a00000|100%| O|  |TAMS 0x0000000082a00000| PB 0x0000000082900000| Untracked 
|  42|0x0000000082a00000, 0x0000000082b00000, 0x0000000082b00000|100%| O|  |TAMS 0x0000000082b00000| PB 0x0000000082a00000| Untracked 
|  43|0x0000000082b00000, 0x0000000082c00000, 0x0000000082c00000|100%| O|  |TAMS 0x0000000082c00000| PB 0x0000000082b00000| Untracked 
|  44|0x0000000082c00000, 0x0000000082d00000, 0x0000000082d00000|100%| O|  |TAMS 0x0000000082d00000| PB 0x0000000082c00000| Untracked 
|  45|0x0000000082d00000, 0x0000000082e00000, 0x0000000082e00000|100%| O|  |TAMS 0x0000000082e00000| PB 0x0000000082d00000| Untracked 
|  46|0x0000000082e00000, 0x0000000082f00000, 0x0000000082f00000|100%| O|  |TAMS 0x0000000082f00000| PB 0x0000000082e00000| Untracked 
|  47|0x0000000082f00000, 0x0000000083000000, 0x0000000083000000|100%| O|  |TAMS 0x0000000083000000| PB 0x0000000082f00000| Untracked 
|  48|0x0000000083000000, 0x0000000083100000, 0x0000000083100000|100%| O|  |TAMS 0x0000000083100000| PB 0x0000000083000000| Untracked 
|  49|0x0000000083100000, 0x0000000083200000, 0x0000000083200000|100%| O|  |TAMS 0x0000000083200000| PB 0x0000000083100000| Untracked 
|  50|0x0000000083200000, 0x0000000083300000, 0x0000000083300000|100%| O|  |TAMS 0x0000000083300000| PB 0x0000000083200000| Untracked 
|  51|0x0000000083300000, 0x0000000083400000, 0x0000000083400000|100%| O|  |TAMS 0x0000000083400000| PB 0x0000000083300000| Untracked 
|  52|0x0000000083400000, 0x0000000083500000, 0x0000000083500000|100%| O|  |TAMS 0x0000000083500000| PB 0x0000000083400000| Untracked 
|  53|0x0000000083500000, 0x0000000083600000, 0x0000000083600000|100%| O|  |TAMS 0x0000000083600000| PB 0x0000000083500000| Untracked 
|  54|0x0000000083600000, 0x0000000083700000, 0x0000000083700000|100%| O|  |TAMS 0x0000000083700000| PB 0x0000000083600000| Untracked 
|  55|0x0000000083700000, 0x0000000083800000, 0x0000000083800000|100%| O|  |TAMS 0x0000000083800000| PB 0x0000000083700000| Untracked 
|  56|0x0000000083800000, 0x0000000083900000, 0x0000000083900000|100%| O|  |TAMS 0x0000000083900000| PB 0x0000000083800000| Untracked 
|  57|0x0000000083900000, 0x0000000083a00000, 0x0000000083a00000|100%| O|  |TAMS 0x0000000083a00000| PB 0x0000000083900000| Untracked 
|  58|0x0000000083a00000, 0x0000000083b00000, 0x0000000083b00000|100%| O|  |TAMS 0x0000000083b00000| PB 0x0000000083a00000| Untracked 
|  59|0x0000000083b00000, 0x0000000083c00000, 0x0000000083c00000|100%| O|  |TAMS 0x0000000083c00000| PB 0x0000000083b00000| Untracked 
|  60|0x0000000083c00000, 0x0000000083d00000, 0x0000000083d00000|100%| O|  |TAMS 0x0000000083d00000| PB 0x0000000083c00000| Untracked 
|  61|0x0000000083d00000, 0x0000000083e00000, 0x0000000083e00000|100%| O|  |TAMS 0x0000000083e00000| PB 0x0000000083d00000| Untracked 
|  62|0x0000000083e00000, 0x0000000083f00000, 0x0000000083f00000|100%| O|  |TAMS 0x0000000083f00000| PB 0x0000000083e00000| Untracked 
|  63|0x0000000083f00000, 0x0000000084000000, 0x0000000084000000|100%| O|  |TAMS 0x0000000084000000| PB 0x0000000083f00000| Untracked 
|  64|0x0000000084000000, 0x0000000084100000, 0x0000000084100000|100%| O|  |TAMS 0x0000000084100000| PB 0x0000000084000000| Untracked 
|  65|0x0000000084100000, 0x0000000084200000, 0x0000000084200000|100%| O|  |TAMS 0x0000000084200000| PB 0x0000000084100000| Untracked 
|  66|0x0000000084200000, 0x0000000084300000, 0x0000000084300000|100%| O|  |TAMS 0x0000000084300000| PB 0x0000000084200000| Untracked 
|  67|0x0000000084300000, 0x0000000084400000, 0x0000000084400000|100%| O|  |TAMS 0x0000000084400000| PB 0x0000000084300000| Untracked 
|  68|0x0000000084400000, 0x0000000084500000, 0x0000000084500000|100%| O|  |TAMS 0x0000000084500000| PB 0x0000000084400000| Untracked 
|  69|0x0000000084500000, 0x0000000084600000, 0x0000000084600000|100%| O|  |TAMS 0x0000000084600000| PB 0x0000000084500000| Untracked 
|  70|0x0000000084600000, 0x0000000084700000, 0x0000000084700000|100%| O|  |TAMS 0x0000000084700000| PB 0x0000000084600000| Untracked 
|  71|0x0000000084700000, 0x0000000084800000, 0x0000000084800000|100%| O|  |TAMS 0x0000000084800000| PB 0x0000000084700000| Untracked 
|  72|0x0000000084800000, 0x0000000084900000, 0x0000000084900000|100%| O|  |TAMS 0x0000000084900000| PB 0x0000000084800000| Untracked 
|  73|0x0000000084900000, 0x0000000084a00000, 0x0000000084a00000|100%| O|  |TAMS 0x0000000084a00000| PB 0x0000000084900000| Untracked 
|  74|0x0000000084a00000, 0x0000000084b00000, 0x0000000084b00000|100%| O|  |TAMS 0x0000000084b00000| PB 0x0000000084a00000| Untracked 
|  75|0x0000000084b00000, 0x0000000084c00000, 0x0000000084c00000|100%| O|  |TAMS 0x0000000084c00000| PB 0x0000000084b00000| Untracked 
|  76|0x0000000084c00000, 0x0000000084d00000, 0x0000000084d00000|100%| O|  |TAMS 0x0000000084d00000| PB 0x0000000084c00000| Untracked 
|  77|0x0000000084d00000, 0x0000000084e00000, 0x0000000084e00000|100%| O|  |TAMS 0x0000000084e00000| PB 0x0000000084d00000| Untracked 
|  78|0x0000000084e00000, 0x0000000084f00000, 0x0000000084f00000|100%| O|  |TAMS 0x0000000084f00000| PB 0x0000000084e00000| Untracked 
|  79|0x0000000084f00000, 0x0000000085000000, 0x0000000085000000|100%| O|  |TAMS 0x0000000085000000| PB 0x0000000084f00000| Untracked 
|  80|0x0000000085000000, 0x0000000085100000, 0x0000000085100000|100%| O|  |TAMS 0x0000000085100000| PB 0x0000000085000000| Untracked 
|  81|0x0000000085100000, 0x0000000085200000, 0x0000000085200000|100%| O|  |TAMS 0x0000000085200000| PB 0x0000000085100000| Untracked 
|  82|0x0000000085200000, 0x0000000085300000, 0x0000000085300000|100%| O|  |TAMS 0x0000000085300000| PB 0x0000000085200000| Untracked 
|  83|0x0000000085300000, 0x0000000085400000, 0x0000000085400000|100%| O|  |TAMS 0x0000000085400000| PB 0x0000000085300000| Untracked 
|  84|0x0000000085400000, 0x0000000085500000, 0x0000000085500000|100%| O|  |TAMS 0x0000000085500000| PB 0x0000000085400000| Untracked 
|  85|0x0000000085500000, 0x0000000085600000, 0x0000000085600000|100%| O|  |TAMS 0x0000000085600000| PB 0x0000000085500000| Untracked 
|  86|0x0000000085600000, 0x0000000085700000, 0x0000000085700000|100%| O|  |TAMS 0x0000000085600000| PB 0x0000000085600000| Untracked 
|  87|0x0000000085700000, 0x0000000085800000, 0x0000000085800000|100%| O|  |TAMS 0x0000000085800000| PB 0x0000000085700000| Untracked 
|  88|0x0000000085800000, 0x0000000085900000, 0x0000000085900000|100%| O|  |TAMS 0x0000000085900000| PB 0x0000000085800000| Untracked 
|  89|0x0000000085900000, 0x0000000085a00000, 0x0000000085a00000|100%| O|  |TAMS 0x0000000085a00000| PB 0x0000000085900000| Untracked 
|  90|0x0000000085a00000, 0x0000000085b00000, 0x0000000085b00000|100%| O|  |TAMS 0x0000000085b00000| PB 0x0000000085a00000| Untracked 
|  91|0x0000000085b00000, 0x0000000085c00000, 0x0000000085c00000|100%| O|  |TAMS 0x0000000085b00000| PB 0x0000000085b00000| Untracked 
|  92|0x0000000085c00000, 0x0000000085d00000, 0x0000000085d00000|100%| O|  |TAMS 0x0000000085d00000| PB 0x0000000085c00000| Untracked 
|  93|0x0000000085d00000, 0x0000000085e00000, 0x0000000085e00000|100%| O|  |TAMS 0x0000000085e00000| PB 0x0000000085d00000| Untracked 
|  94|0x0000000085e00000, 0x0000000085f00000, 0x0000000085f00000|100%| O|  |TAMS 0x0000000085f00000| PB 0x0000000085e00000| Untracked 
|  95|0x0000000085f00000, 0x0000000086000000, 0x0000000086000000|100%| O|  |TAMS 0x0000000086000000| PB 0x0000000085f00000| Untracked 
|  96|0x0000000086000000, 0x0000000086100000, 0x0000000086100000|100%| O|  |TAMS 0x0000000086100000| PB 0x0000000086000000| Untracked 
|  97|0x0000000086100000, 0x0000000086200000, 0x0000000086200000|100%| O|  |TAMS 0x0000000086200000| PB 0x0000000086100000| Untracked 
|  98|0x0000000086200000, 0x0000000086300000, 0x0000000086300000|100%| O|  |TAMS 0x0000000086300000| PB 0x0000000086200000| Untracked 
|  99|0x0000000086300000, 0x0000000086400000, 0x0000000086400000|100%| O|  |TAMS 0x0000000086400000| PB 0x0000000086300000| Untracked 
| 100|0x0000000086400000, 0x0000000086500000, 0x0000000086500000|100%| O|  |TAMS 0x0000000086500000| PB 0x0000000086400000| Untracked 
| 101|0x0000000086500000, 0x0000000086600000, 0x0000000086600000|100%| O|  |TAMS 0x0000000086600000| PB 0x0000000086500000| Untracked 
| 102|0x0000000086600000, 0x0000000086700000, 0x0000000086700000|100%| O|  |TAMS 0x0000000086700000| PB 0x0000000086600000| Untracked 
| 103|0x0000000086700000, 0x0000000086800000, 0x0000000086800000|100%| O|  |TAMS 0x0000000086800000| PB 0x0000000086700000| Untracked 
| 104|0x0000000086800000, 0x0000000086900000, 0x0000000086900000|100%| O|  |TAMS 0x0000000086900000| PB 0x0000000086800000| Untracked 
| 105|0x0000000086900000, 0x0000000086a00000, 0x0000000086a00000|100%| O|  |TAMS 0x0000000086a00000| PB 0x0000000086900000| Untracked 
| 106|0x0000000086a00000, 0x0000000086b00000, 0x0000000086b00000|100%| O|  |TAMS 0x0000000086b00000| PB 0x0000000086a00000| Untracked 
| 107|0x0000000086b00000, 0x0000000086c00000, 0x0000000086c00000|100%| O|  |TAMS 0x0000000086c00000| PB 0x0000000086b00000| Untracked 
| 108|0x0000000086c00000, 0x0000000086d00000, 0x0000000086d00000|100%| O|  |TAMS 0x0000000086d00000| PB 0x0000000086c00000| Untracked 
| 109|0x0000000086d00000, 0x0000000086e00000, 0x0000000086e00000|100%| O|  |TAMS 0x0000000086e00000| PB 0x0000000086d00000| Untracked 
| 110|0x0000000086e00000, 0x0000000086f00000, 0x0000000086f00000|100%| O|  |TAMS 0x0000000086f00000| PB 0x0000000086e00000| Untracked 
| 111|0x0000000086f00000, 0x0000000087000000, 0x0000000087000000|100%| O|  |TAMS 0x0000000087000000| PB 0x0000000086f00000| Untracked 
| 112|0x0000000087000000, 0x0000000087100000, 0x0000000087100000|100%| O|  |TAMS 0x0000000087100000| PB 0x0000000087000000| Untracked 
| 113|0x0000000087100000, 0x0000000087200000, 0x0000000087200000|100%| O|  |TAMS 0x0000000087200000| PB 0x0000000087100000| Untracked 
| 114|0x0000000087200000, 0x0000000087300000, 0x0000000087300000|100%| O|  |TAMS 0x0000000087300000| PB 0x0000000087200000| Untracked 
| 115|0x0000000087300000, 0x0000000087400000, 0x0000000087400000|100%| O|  |TAMS 0x0000000087400000| PB 0x0000000087300000| Untracked 
| 116|0x0000000087400000, 0x0000000087500000, 0x0000000087500000|100%| O|  |TAMS 0x0000000087500000| PB 0x0000000087400000| Untracked 
| 117|0x0000000087500000, 0x0000000087600000, 0x0000000087600000|100%| O|  |TAMS 0x0000000087600000| PB 0x0000000087500000| Untracked 
| 118|0x0000000087600000, 0x0000000087700000, 0x0000000087700000|100%| O|  |TAMS 0x0000000087700000| PB 0x0000000087600000| Untracked 
| 119|0x0000000087700000, 0x0000000087800000, 0x0000000087800000|100%| O|  |TAMS 0x0000000087800000| PB 0x0000000087700000| Untracked 
| 120|0x0000000087800000, 0x0000000087900000, 0x0000000087900000|100%| O|  |TAMS 0x0000000087900000| PB 0x0000000087800000| Untracked 
| 121|0x0000000087900000, 0x0000000087a00000, 0x0000000087a00000|100%| O|  |TAMS 0x0000000087a00000| PB 0x0000000087900000| Untracked 
| 122|0x0000000087a00000, 0x0000000087b00000, 0x0000000087b00000|100%| O|  |TAMS 0x0000000087b00000| PB 0x0000000087a00000| Untracked 
| 123|0x0000000087b00000, 0x0000000087c00000, 0x0000000087c00000|100%| O|  |TAMS 0x0000000087c00000| PB 0x0000000087b00000| Untracked 
| 124|0x0000000087c00000, 0x0000000087d00000, 0x0000000087d00000|100%| O|  |TAMS 0x0000000087d00000| PB 0x0000000087c00000| Untracked 
| 125|0x0000000087d00000, 0x0000000087e00000, 0x0000000087e00000|100%| O|  |TAMS 0x0000000087e00000| PB 0x0000000087d00000| Untracked 
| 126|0x0000000087e00000, 0x0000000087f00000, 0x0000000087f00000|100%| O|  |TAMS 0x0000000087e00000| PB 0x0000000087e00000| Untracked 
| 127|0x0000000087f00000, 0x0000000088000000, 0x0000000088000000|100%| O|  |TAMS 0x0000000088000000| PB 0x0000000087f00000| Untracked 
| 128|0x0000000088000000, 0x0000000088100000, 0x0000000088100000|100%| O|  |TAMS 0x0000000088100000| PB 0x0000000088000000| Untracked 
| 129|0x0000000088100000, 0x0000000088200000, 0x0000000088200000|100%| O|  |TAMS 0x0000000088200000| PB 0x0000000088100000| Untracked 
| 130|0x0000000088200000, 0x0000000088300000, 0x0000000088300000|100%|HS|  |TAMS 0x0000000088300000| PB 0x0000000088200000| Complete 
| 131|0x0000000088300000, 0x0000000088400000, 0x0000000088400000|100%| O|  |TAMS 0x0000000088400000| PB 0x0000000088300000| Untracked 
| 132|0x0000000088400000, 0x0000000088500000, 0x0000000088500000|100%| O|  |TAMS 0x0000000088500000| PB 0x0000000088400000| Untracked 
| 133|0x0000000088500000, 0x0000000088600000, 0x0000000088600000|100%| O|  |TAMS 0x0000000088600000| PB 0x0000000088500000| Untracked 
| 134|0x0000000088600000, 0x0000000088700000, 0x0000000088700000|100%| O|  |TAMS 0x0000000088700000| PB 0x0000000088600000| Untracked 
| 135|0x0000000088700000, 0x0000000088800000, 0x0000000088800000|100%| O|  |TAMS 0x0000000088800000| PB 0x0000000088700000| Untracked 
| 136|0x0000000088800000, 0x0000000088900000, 0x0000000088900000|100%| O|  |TAMS 0x0000000088900000| PB 0x0000000088800000| Untracked 
| 137|0x0000000088900000, 0x0000000088a00000, 0x0000000088a00000|100%| O|  |TAMS 0x0000000088a00000| PB 0x0000000088900000| Untracked 
| 138|0x0000000088a00000, 0x0000000088b00000, 0x0000000088b00000|100%| O|  |TAMS 0x0000000088b00000| PB 0x0000000088a00000| Untracked 
| 139|0x0000000088b00000, 0x0000000088c00000, 0x0000000088c00000|100%| O|  |TAMS 0x0000000088c00000| PB 0x0000000088b00000| Untracked 
| 140|0x0000000088c00000, 0x0000000088d00000, 0x0000000088d00000|100%| O|  |TAMS 0x0000000088d00000| PB 0x0000000088c00000| Untracked 
| 141|0x0000000088d00000, 0x0000000088e00000, 0x0000000088e00000|100%| O|  |TAMS 0x0000000088e00000| PB 0x0000000088d00000| Untracked 
| 142|0x0000000088e00000, 0x0000000088f00000, 0x0000000088f00000|100%| O|  |TAMS 0x0000000088e00000| PB 0x0000000088e00000| Untracked 
| 143|0x0000000088f00000, 0x0000000089000000, 0x0000000089000000|100%| O|  |TAMS 0x0000000089000000| PB 0x0000000088f00000| Untracked 
| 144|0x0000000089000000, 0x0000000089100000, 0x0000000089100000|100%| O|  |TAMS 0x0000000089100000| PB 0x0000000089000000| Untracked 
| 145|0x0000000089100000, 0x0000000089200000, 0x0000000089200000|100%| O|  |TAMS 0x0000000089200000| PB 0x0000000089100000| Untracked 
| 146|0x0000000089200000, 0x0000000089300000, 0x0000000089300000|100%| O|  |TAMS 0x0000000089300000| PB 0x0000000089200000| Untracked 
| 147|0x0000000089300000, 0x0000000089400000, 0x0000000089400000|100%| O|  |TAMS 0x0000000089400000| PB 0x0000000089300000| Untracked 
| 148|0x0000000089400000, 0x0000000089500000, 0x0000000089500000|100%| O|  |TAMS 0x0000000089500000| PB 0x0000000089400000| Untracked 
| 149|0x0000000089500000, 0x0000000089600000, 0x0000000089600000|100%| O|  |TAMS 0x0000000089500000| PB 0x0000000089500000| Untracked 
| 150|0x0000000089600000, 0x0000000089700000, 0x0000000089700000|100%| O|  |TAMS 0x0000000089600000| PB 0x0000000089600000| Untracked 
| 151|0x0000000089700000, 0x0000000089800000, 0x0000000089800000|100%| O|  |TAMS 0x0000000089700000| PB 0x0000000089700000| Untracked 
| 152|0x0000000089800000, 0x0000000089900000, 0x0000000089900000|100%| O|  |TAMS 0x0000000089800000| PB 0x0000000089800000| Untracked 
| 153|0x0000000089900000, 0x0000000089a00000, 0x0000000089a00000|100%| O|  |TAMS 0x0000000089900000| PB 0x0000000089900000| Untracked 
| 154|0x0000000089a00000, 0x0000000089b00000, 0x0000000089b00000|100%| O|  |TAMS 0x0000000089a00000| PB 0x0000000089a00000| Untracked 
| 155|0x0000000089b00000, 0x0000000089c00000, 0x0000000089c00000|100%| O|  |TAMS 0x0000000089b00000| PB 0x0000000089b00000| Untracked 
| 156|0x0000000089c00000, 0x0000000089d00000, 0x0000000089d00000|100%| O|  |TAMS 0x0000000089c00000| PB 0x0000000089c00000| Untracked 
| 157|0x0000000089d00000, 0x0000000089e00000, 0x0000000089e00000|100%| O|  |TAMS 0x0000000089d00000| PB 0x0000000089d00000| Untracked 
| 158|0x0000000089e00000, 0x0000000089f00000, 0x0000000089f00000|100%| O|  |TAMS 0x0000000089e00000| PB 0x0000000089e00000| Untracked 
| 159|0x0000000089f00000, 0x000000008a000000, 0x000000008a000000|100%| O|  |TAMS 0x0000000089f00000| PB 0x0000000089f00000| Untracked 
| 160|0x000000008a000000, 0x000000008a080000, 0x000000008a100000| 50%| O|  |TAMS 0x000000008a000000| PB 0x000000008a000000| Untracked 
| 161|0x000000008a100000, 0x000000008a200000, 0x000000008a200000|100%|HS|  |TAMS 0x000000008a100000| PB 0x000000008a100000| Complete 
| 162|0x000000008a200000, 0x000000008a200000, 0x000000008a300000|  0%| F|  |TAMS 0x000000008a200000| PB 0x000000008a200000| Untracked 
| 163|0x000000008a300000, 0x000000008a300000, 0x000000008a400000|  0%| F|  |TAMS 0x000000008a300000| PB 0x000000008a300000| Untracked 
| 164|0x000000008a400000, 0x000000008a400000, 0x000000008a500000|  0%| F|  |TAMS 0x000000008a400000| PB 0x000000008a400000| Untracked 
| 165|0x000000008a500000, 0x000000008a500000, 0x000000008a600000|  0%| F|  |TAMS 0x000000008a500000| PB 0x000000008a500000| Untracked 
| 166|0x000000008a600000, 0x000000008a600000, 0x000000008a700000|  0%| F|  |TAMS 0x000000008a600000| PB 0x000000008a600000| Untracked 
| 167|0x000000008a700000, 0x000000008a700000, 0x000000008a800000|  0%| F|  |TAMS 0x000000008a700000| PB 0x000000008a700000| Untracked 
| 168|0x000000008a800000, 0x000000008a800000, 0x000000008a900000|  0%| F|  |TAMS 0x000000008a800000| PB 0x000000008a800000| Untracked 
| 169|0x000000008a900000, 0x000000008a900000, 0x000000008aa00000|  0%| F|  |TAMS 0x000000008a900000| PB 0x000000008a900000| Untracked 
| 170|0x000000008aa00000, 0x000000008aa00000, 0x000000008ab00000|  0%| F|  |TAMS 0x000000008aa00000| PB 0x000000008aa00000| Untracked 
| 171|0x000000008ab00000, 0x000000008ab00000, 0x000000008ac00000|  0%| F|  |TAMS 0x000000008ab00000| PB 0x000000008ab00000| Untracked 
| 172|0x000000008ac00000, 0x000000008ac00000, 0x000000008ad00000|  0%| F|  |TAMS 0x000000008ac00000| PB 0x000000008ac00000| Untracked 
| 173|0x000000008ad00000, 0x000000008ad00000, 0x000000008ae00000|  0%| F|  |TAMS 0x000000008ad00000| PB 0x000000008ad00000| Untracked 
| 174|0x000000008ae00000, 0x000000008ae00000, 0x000000008af00000|  0%| F|  |TAMS 0x000000008ae00000| PB 0x000000008ae00000| Untracked 
| 175|0x000000008af00000, 0x000000008af00000, 0x000000008b000000|  0%| F|  |TAMS 0x000000008af00000| PB 0x000000008af00000| Untracked 
| 176|0x000000008b000000, 0x000000008b000000, 0x000000008b100000|  0%| F|  |TAMS 0x000000008b000000| PB 0x000000008b000000| Untracked 
| 177|0x000000008b100000, 0x000000008b100000, 0x000000008b200000|  0%| F|  |TAMS 0x000000008b100000| PB 0x000000008b100000| Untracked 
| 178|0x000000008b200000, 0x000000008b200000, 0x000000008b300000|  0%| F|  |TAMS 0x000000008b200000| PB 0x000000008b200000| Untracked 
| 179|0x000000008b300000, 0x000000008b300000, 0x000000008b400000|  0%| F|  |TAMS 0x000000008b300000| PB 0x000000008b300000| Untracked 
| 180|0x000000008b400000, 0x000000008b400000, 0x000000008b500000|  0%| F|  |TAMS 0x000000008b400000| PB 0x000000008b400000| Untracked 
| 181|0x000000008b500000, 0x000000008b500000, 0x000000008b600000|  0%| F|  |TAMS 0x000000008b500000| PB 0x000000008b500000| Untracked 
| 182|0x000000008b600000, 0x000000008b600000, 0x000000008b700000|  0%| F|  |TAMS 0x000000008b600000| PB 0x000000008b600000| Untracked 
| 183|0x000000008b700000, 0x000000008b700000, 0x000000008b800000|  0%| F|  |TAMS 0x000000008b700000| PB 0x000000008b700000| Untracked 
| 184|0x000000008b800000, 0x000000008b900000, 0x000000008b900000|100%| O|  |TAMS 0x000000008b900000| PB 0x000000008b800000| Untracked 
| 185|0x000000008b900000, 0x000000008ba00000, 0x000000008ba00000|100%| O|  |TAMS 0x000000008ba00000| PB 0x000000008b900000| Untracked 
| 186|0x000000008ba00000, 0x000000008bb00000, 0x000000008bb00000|100%| O|  |TAMS 0x000000008bb00000| PB 0x000000008ba00000| Untracked 
| 187|0x000000008bb00000, 0x000000008bc00000, 0x000000008bc00000|100%| O|  |TAMS 0x000000008bc00000| PB 0x000000008bb00000| Untracked 
| 188|0x000000008bc00000, 0x000000008bd00000, 0x000000008bd00000|100%| O|  |TAMS 0x000000008bd00000| PB 0x000000008bc00000| Untracked 
| 189|0x000000008bd00000, 0x000000008be00000, 0x000000008be00000|100%| O|  |TAMS 0x000000008be00000| PB 0x000000008bd00000| Untracked 
| 190|0x000000008be00000, 0x000000008bf00000, 0x000000008bf00000|100%| O|  |TAMS 0x000000008bf00000| PB 0x000000008be00000| Untracked 
| 191|0x000000008bf00000, 0x000000008c000000, 0x000000008c000000|100%| O|  |TAMS 0x000000008c000000| PB 0x000000008bf00000| Untracked 
| 192|0x000000008c000000, 0x000000008c100000, 0x000000008c100000|100%| O|  |TAMS 0x000000008c100000| PB 0x000000008c000000| Untracked 
| 193|0x000000008c100000, 0x000000008c200000, 0x000000008c200000|100%| O|  |TAMS 0x000000008c200000| PB 0x000000008c100000| Untracked 
| 194|0x000000008c200000, 0x000000008c300000, 0x000000008c300000|100%| O|  |TAMS 0x000000008c300000| PB 0x000000008c200000| Untracked 
| 195|0x000000008c300000, 0x000000008c400000, 0x000000008c400000|100%| O|  |TAMS 0x000000008c400000| PB 0x000000008c300000| Untracked 
| 196|0x000000008c400000, 0x000000008c500000, 0x000000008c500000|100%| O|  |TAMS 0x000000008c500000| PB 0x000000008c400000| Untracked 
| 197|0x000000008c500000, 0x000000008c600000, 0x000000008c600000|100%| O|  |TAMS 0x000000008c600000| PB 0x000000008c500000| Untracked 
| 198|0x000000008c600000, 0x000000008c700000, 0x000000008c700000|100%| O|  |TAMS 0x000000008c700000| PB 0x000000008c600000| Untracked 
| 199|0x000000008c700000, 0x000000008c800000, 0x000000008c800000|100%| O|  |TAMS 0x000000008c800000| PB 0x000000008c700000| Untracked 
| 200|0x000000008c800000, 0x000000008c900000, 0x000000008c900000|100%| O|  |TAMS 0x000000008c900000| PB 0x000000008c800000| Untracked 
| 201|0x000000008c900000, 0x000000008ca00000, 0x000000008ca00000|100%| O|  |TAMS 0x000000008ca00000| PB 0x000000008c900000| Untracked 
| 202|0x000000008ca00000, 0x000000008cb00000, 0x000000008cb00000|100%| O|  |TAMS 0x000000008cb00000| PB 0x000000008ca00000| Untracked 
| 203|0x000000008cb00000, 0x000000008cc00000, 0x000000008cc00000|100%| O|  |TAMS 0x000000008cc00000| PB 0x000000008cb00000| Untracked 
| 204|0x000000008cc00000, 0x000000008cd00000, 0x000000008cd00000|100%| O|  |TAMS 0x000000008cd00000| PB 0x000000008cc00000| Untracked 
| 205|0x000000008cd00000, 0x000000008ce00000, 0x000000008ce00000|100%| O|  |TAMS 0x000000008ce00000| PB 0x000000008cd00000| Untracked 
| 206|0x000000008ce00000, 0x000000008cf00000, 0x000000008cf00000|100%| O|  |TAMS 0x000000008cf00000| PB 0x000000008cf00000| Untracked 
| 207|0x000000008cf00000, 0x000000008d000000, 0x000000008d000000|100%| O|  |TAMS 0x000000008d000000| PB 0x000000008d000000| Untracked 
| 208|0x000000008d000000, 0x000000008d100000, 0x000000008d100000|100%| O|  |TAMS 0x000000008d100000| PB 0x000000008d100000| Untracked 
| 209|0x000000008d100000, 0x000000008d200000, 0x000000008d200000|100%| O|  |TAMS 0x000000008d180000| PB 0x000000008d180000| Updating 
| 210|0x000000008d200000, 0x000000008d200000, 0x000000008d300000|  0%| F|  |TAMS 0x000000008d200000| PB 0x000000008d200000| Untracked 
| 211|0x000000008d300000, 0x000000008d300000, 0x000000008d400000|  0%| F|  |TAMS 0x000000008d300000| PB 0x000000008d300000| Untracked 
| 212|0x000000008d400000, 0x000000008d400000, 0x000000008d500000|  0%| F|  |TAMS 0x000000008d400000| PB 0x000000008d400000| Untracked 
| 213|0x000000008d500000, 0x000000008d500000, 0x000000008d600000|  0%| F|  |TAMS 0x000000008d500000| PB 0x000000008d500000| Untracked 
| 214|0x000000008d600000, 0x000000008d600000, 0x000000008d700000|  0%| F|  |TAMS 0x000000008d600000| PB 0x000000008d600000| Untracked 
| 215|0x000000008d700000, 0x000000008d700000, 0x000000008d800000|  0%| F|  |TAMS 0x000000008d700000| PB 0x000000008d700000| Untracked 
| 216|0x000000008d800000, 0x000000008d800000, 0x000000008d900000|  0%| F|  |TAMS 0x000000008d800000| PB 0x000000008d800000| Untracked 
| 217|0x000000008d900000, 0x000000008d900000, 0x000000008da00000|  0%| F|  |TAMS 0x000000008d900000| PB 0x000000008d900000| Untracked 
| 218|0x000000008da00000, 0x000000008da00000, 0x000000008db00000|  0%| F|  |TAMS 0x000000008da00000| PB 0x000000008da00000| Untracked 
| 219|0x000000008db00000, 0x000000008db00000, 0x000000008dc00000|  0%| F|  |TAMS 0x000000008db00000| PB 0x000000008db00000| Untracked 
| 220|0x000000008dc00000, 0x000000008dc00000, 0x000000008dd00000|  0%| F|  |TAMS 0x000000008dc00000| PB 0x000000008dc00000| Untracked 
| 221|0x000000008dd00000, 0x000000008dd00000, 0x000000008de00000|  0%| F|  |TAMS 0x000000008dd00000| PB 0x000000008dd00000| Untracked 
| 222|0x000000008de00000, 0x000000008de00000, 0x000000008df00000|  0%| F|  |TAMS 0x000000008de00000| PB 0x000000008de00000| Untracked 
| 223|0x000000008df00000, 0x000000008df00000, 0x000000008e000000|  0%| F|  |TAMS 0x000000008df00000| PB 0x000000008df00000| Untracked 
| 224|0x000000008e000000, 0x000000008e000000, 0x000000008e100000|  0%| F|  |TAMS 0x000000008e000000| PB 0x000000008e000000| Untracked 
| 225|0x000000008e100000, 0x000000008e100000, 0x000000008e200000|  0%| F|  |TAMS 0x000000008e100000| PB 0x000000008e100000| Untracked 
| 226|0x000000008e200000, 0x000000008e200000, 0x000000008e300000|  0%| F|  |TAMS 0x000000008e200000| PB 0x000000008e200000| Untracked 
| 227|0x000000008e300000, 0x000000008e300000, 0x000000008e400000|  0%| F|  |TAMS 0x000000008e300000| PB 0x000000008e300000| Untracked 
| 228|0x000000008e400000, 0x000000008e400000, 0x000000008e500000|  0%| F|  |TAMS 0x000000008e400000| PB 0x000000008e400000| Untracked 
| 229|0x000000008e500000, 0x000000008e500000, 0x000000008e600000|  0%| F|  |TAMS 0x000000008e500000| PB 0x000000008e500000| Untracked 
| 230|0x000000008e600000, 0x000000008e600000, 0x000000008e700000|  0%| F|  |TAMS 0x000000008e600000| PB 0x000000008e600000| Untracked 
| 231|0x000000008e700000, 0x000000008e700000, 0x000000008e800000|  0%| F|  |TAMS 0x000000008e700000| PB 0x000000008e700000| Untracked 
| 232|0x000000008e800000, 0x000000008e800000, 0x000000008e900000|  0%| F|  |TAMS 0x000000008e800000| PB 0x000000008e800000| Untracked 
| 233|0x000000008e900000, 0x000000008e900000, 0x000000008ea00000|  0%| F|  |TAMS 0x000000008e900000| PB 0x000000008e900000| Untracked 
| 234|0x000000008ea00000, 0x000000008ea00000, 0x000000008eb00000|  0%| F|  |TAMS 0x000000008ea00000| PB 0x000000008ea00000| Untracked 
| 235|0x000000008eb00000, 0x000000008eb00000, 0x000000008ec00000|  0%| F|  |TAMS 0x000000008eb00000| PB 0x000000008eb00000| Untracked 
| 236|0x000000008ec00000, 0x000000008ec00000, 0x000000008ed00000|  0%| F|  |TAMS 0x000000008ec00000| PB 0x000000008ec00000| Untracked 
| 237|0x000000008ed00000, 0x000000008ed00000, 0x000000008ee00000|  0%| F|  |TAMS 0x000000008ed00000| PB 0x000000008ed00000| Untracked 
| 238|0x000000008ee00000, 0x000000008ee00000, 0x000000008ef00000|  0%| F|  |TAMS 0x000000008ee00000| PB 0x000000008ee00000| Untracked 
| 239|0x000000008ef00000, 0x000000008ef00000, 0x000000008f000000|  0%| F|  |TAMS 0x000000008ef00000| PB 0x000000008ef00000| Untracked 
| 240|0x000000008f000000, 0x000000008f000000, 0x000000008f100000|  0%| F|  |TAMS 0x000000008f000000| PB 0x000000008f000000| Untracked 
| 241|0x000000008f100000, 0x000000008f100000, 0x000000008f200000|  0%| F|  |TAMS 0x000000008f100000| PB 0x000000008f100000| Untracked 
| 242|0x000000008f200000, 0x000000008f200000, 0x000000008f300000|  0%| F|  |TAMS 0x000000008f200000| PB 0x000000008f200000| Untracked 
| 243|0x000000008f300000, 0x000000008f300000, 0x000000008f400000|  0%| F|  |TAMS 0x000000008f300000| PB 0x000000008f300000| Untracked 
| 244|0x000000008f400000, 0x000000008f400000, 0x000000008f500000|  0%| F|  |TAMS 0x000000008f400000| PB 0x000000008f400000| Untracked 
| 245|0x000000008f500000, 0x000000008f500000, 0x000000008f600000|  0%| F|  |TAMS 0x000000008f500000| PB 0x000000008f500000| Untracked 
| 246|0x000000008f600000, 0x000000008f600000, 0x000000008f700000|  0%| F|  |TAMS 0x000000008f600000| PB 0x000000008f600000| Untracked 
| 247|0x000000008f700000, 0x000000008f700000, 0x000000008f800000|  0%| F|  |TAMS 0x000000008f700000| PB 0x000000008f700000| Untracked 
| 248|0x000000008f800000, 0x000000008f800000, 0x000000008f900000|  0%| F|  |TAMS 0x000000008f800000| PB 0x000000008f800000| Untracked 
| 249|0x000000008f900000, 0x000000008f900000, 0x000000008fa00000|  0%| F|  |TAMS 0x000000008f900000| PB 0x000000008f900000| Untracked 
| 250|0x000000008fa00000, 0x000000008fa00000, 0x000000008fb00000|  0%| F|  |TAMS 0x000000008fa00000| PB 0x000000008fa00000| Untracked 
| 251|0x000000008fb00000, 0x000000008fb00000, 0x000000008fc00000|  0%| F|  |TAMS 0x000000008fb00000| PB 0x000000008fb00000| Untracked 
| 252|0x000000008fc00000, 0x000000008fc00000, 0x000000008fd00000|  0%| F|  |TAMS 0x000000008fc00000| PB 0x000000008fc00000| Untracked 
| 253|0x000000008fd00000, 0x000000008fd00000, 0x000000008fe00000|  0%| F|  |TAMS 0x000000008fd00000| PB 0x000000008fd00000| Untracked 
| 254|0x000000008fe00000, 0x000000008fe00000, 0x000000008ff00000|  0%| F|  |TAMS 0x000000008fe00000| PB 0x000000008fe00000| Untracked 
| 255|0x000000008ff00000, 0x000000008ff00000, 0x0000000090000000|  0%| F|  |TAMS 0x000000008ff00000| PB 0x000000008ff00000| Untracked 
| 256|0x0000000090000000, 0x0000000090000000, 0x0000000090100000|  0%| F|  |TAMS 0x0000000090000000| PB 0x0000000090000000| Untracked 
| 257|0x0000000090100000, 0x0000000090100000, 0x0000000090200000|  0%| F|  |TAMS 0x0000000090100000| PB 0x0000000090100000| Untracked 
| 258|0x0000000090200000, 0x0000000090200000, 0x0000000090300000|  0%| F|  |TAMS 0x0000000090200000| PB 0x0000000090200000| Untracked 
| 259|0x0000000090300000, 0x0000000090300000, 0x0000000090400000|  0%| F|  |TAMS 0x0000000090300000| PB 0x0000000090300000| Untracked 
| 260|0x0000000090400000, 0x0000000090400000, 0x0000000090500000|  0%| F|  |TAMS 0x0000000090400000| PB 0x0000000090400000| Untracked 
| 261|0x0000000090500000, 0x0000000090500000, 0x0000000090600000|  0%| F|  |TAMS 0x0000000090500000| PB 0x0000000090500000| Untracked 
| 262|0x0000000090600000, 0x0000000090600000, 0x0000000090700000|  0%| F|  |TAMS 0x0000000090600000| PB 0x0000000090600000| Untracked 
| 263|0x0000000090700000, 0x0000000090700000, 0x0000000090800000|  0%| F|  |TAMS 0x0000000090700000| PB 0x0000000090700000| Untracked 
| 264|0x0000000090800000, 0x0000000090800000, 0x0000000090900000|  0%| F|  |TAMS 0x0000000090800000| PB 0x0000000090800000| Untracked 
| 265|0x0000000090900000, 0x0000000090900000, 0x0000000090a00000|  0%| F|  |TAMS 0x0000000090900000| PB 0x0000000090900000| Untracked 
| 266|0x0000000090a00000, 0x0000000090a00000, 0x0000000090b00000|  0%| F|  |TAMS 0x0000000090a00000| PB 0x0000000090a00000| Untracked 
| 267|0x0000000090b00000, 0x0000000090b00000, 0x0000000090c00000|  0%| F|  |TAMS 0x0000000090b00000| PB 0x0000000090b00000| Untracked 
| 268|0x0000000090c00000, 0x0000000090c00000, 0x0000000090d00000|  0%| F|  |TAMS 0x0000000090c00000| PB 0x0000000090c00000| Untracked 
| 269|0x0000000090d00000, 0x0000000090d00000, 0x0000000090e00000|  0%| F|  |TAMS 0x0000000090d00000| PB 0x0000000090d00000| Untracked 
| 270|0x0000000090e00000, 0x0000000090e00000, 0x0000000090f00000|  0%| F|  |TAMS 0x0000000090e00000| PB 0x0000000090e00000| Untracked 
| 271|0x0000000090f00000, 0x0000000090f00000, 0x0000000091000000|  0%| F|  |TAMS 0x0000000090f00000| PB 0x0000000090f00000| Untracked 
| 272|0x0000000091000000, 0x0000000091000000, 0x0000000091100000|  0%| F|  |TAMS 0x0000000091000000| PB 0x0000000091000000| Untracked 
| 273|0x0000000091100000, 0x0000000091100000, 0x0000000091200000|  0%| F|  |TAMS 0x0000000091100000| PB 0x0000000091100000| Untracked 
| 274|0x0000000091200000, 0x0000000091200000, 0x0000000091300000|  0%| F|  |TAMS 0x0000000091200000| PB 0x0000000091200000| Untracked 
| 275|0x0000000091300000, 0x0000000091300000, 0x0000000091400000|  0%| F|  |TAMS 0x0000000091300000| PB 0x0000000091300000| Untracked 
| 276|0x0000000091400000, 0x0000000091400000, 0x0000000091500000|  0%| F|  |TAMS 0x0000000091400000| PB 0x0000000091400000| Untracked 
| 277|0x0000000091500000, 0x0000000091500000, 0x0000000091600000|  0%| F|  |TAMS 0x0000000091500000| PB 0x0000000091500000| Untracked 
| 278|0x0000000091600000, 0x0000000091600000, 0x0000000091700000|  0%| F|  |TAMS 0x0000000091600000| PB 0x0000000091600000| Untracked 
| 279|0x0000000091700000, 0x0000000091700000, 0x0000000091800000|  0%| F|  |TAMS 0x0000000091700000| PB 0x0000000091700000| Untracked 
| 280|0x0000000091800000, 0x0000000091800000, 0x0000000091900000|  0%| F|  |TAMS 0x0000000091800000| PB 0x0000000091800000| Untracked 
| 281|0x0000000091900000, 0x0000000091900000, 0x0000000091a00000|  0%| F|  |TAMS 0x0000000091900000| PB 0x0000000091900000| Untracked 
| 282|0x0000000091a00000, 0x0000000091a00000, 0x0000000091b00000|  0%| F|  |TAMS 0x0000000091a00000| PB 0x0000000091a00000| Untracked 
| 283|0x0000000091b00000, 0x0000000091b00000, 0x0000000091c00000|  0%| F|  |TAMS 0x0000000091b00000| PB 0x0000000091b00000| Untracked 
| 284|0x0000000091c00000, 0x0000000091c00000, 0x0000000091d00000|  0%| F|  |TAMS 0x0000000091c00000| PB 0x0000000091c00000| Untracked 
| 285|0x0000000091d00000, 0x0000000091d00000, 0x0000000091e00000|  0%| F|  |TAMS 0x0000000091d00000| PB 0x0000000091d00000| Untracked 
| 286|0x0000000091e00000, 0x0000000091e00000, 0x0000000091f00000|  0%| F|  |TAMS 0x0000000091e00000| PB 0x0000000091e00000| Untracked 
| 287|0x0000000091f00000, 0x0000000091f00000, 0x0000000092000000|  0%| F|  |TAMS 0x0000000091f00000| PB 0x0000000091f00000| Untracked 
| 288|0x0000000092000000, 0x0000000092000000, 0x0000000092100000|  0%| F|  |TAMS 0x0000000092000000| PB 0x0000000092000000| Untracked 
| 289|0x0000000092100000, 0x0000000092100000, 0x0000000092200000|  0%| F|  |TAMS 0x0000000092100000| PB 0x0000000092100000| Untracked 
| 290|0x0000000092200000, 0x0000000092200000, 0x0000000092300000|  0%| F|  |TAMS 0x0000000092200000| PB 0x0000000092200000| Untracked 
| 291|0x0000000092300000, 0x0000000092300000, 0x0000000092400000|  0%| F|  |TAMS 0x0000000092300000| PB 0x0000000092300000| Untracked 
| 292|0x0000000092400000, 0x0000000092400000, 0x0000000092500000|  0%| F|  |TAMS 0x0000000092400000| PB 0x0000000092400000| Untracked 
| 293|0x0000000092500000, 0x0000000092500000, 0x0000000092600000|  0%| F|  |TAMS 0x0000000092500000| PB 0x0000000092500000| Untracked 
| 294|0x0000000092600000, 0x0000000092600000, 0x0000000092700000|  0%| F|  |TAMS 0x0000000092600000| PB 0x0000000092600000| Untracked 
| 295|0x0000000092700000, 0x0000000092700000, 0x0000000092800000|  0%| F|  |TAMS 0x0000000092700000| PB 0x0000000092700000| Untracked 
| 296|0x0000000092800000, 0x0000000092800000, 0x0000000092900000|  0%| F|  |TAMS 0x0000000092800000| PB 0x0000000092800000| Untracked 
| 297|0x0000000092900000, 0x0000000092900000, 0x0000000092a00000|  0%| F|  |TAMS 0x0000000092900000| PB 0x0000000092900000| Untracked 
| 298|0x0000000092a00000, 0x0000000092a00000, 0x0000000092b00000|  0%| F|  |TAMS 0x0000000092a00000| PB 0x0000000092a00000| Untracked 
| 299|0x0000000092b00000, 0x0000000092b00000, 0x0000000092c00000|  0%| F|  |TAMS 0x0000000092b00000| PB 0x0000000092b00000| Untracked 
| 300|0x0000000092c00000, 0x0000000092c00000, 0x0000000092d00000|  0%| F|  |TAMS 0x0000000092c00000| PB 0x0000000092c00000| Untracked 
| 301|0x0000000092d00000, 0x0000000092d00000, 0x0000000092e00000|  0%| F|  |TAMS 0x0000000092d00000| PB 0x0000000092d00000| Untracked 
| 302|0x0000000092e00000, 0x0000000092e00000, 0x0000000092f00000|  0%| F|  |TAMS 0x0000000092e00000| PB 0x0000000092e00000| Untracked 
| 303|0x0000000092f00000, 0x0000000092f00000, 0x0000000093000000|  0%| F|  |TAMS 0x0000000092f00000| PB 0x0000000092f00000| Untracked 
| 304|0x0000000093000000, 0x0000000093000000, 0x0000000093100000|  0%| F|  |TAMS 0x0000000093000000| PB 0x0000000093000000| Untracked 
| 305|0x0000000093100000, 0x0000000093100000, 0x0000000093200000|  0%| F|  |TAMS 0x0000000093100000| PB 0x0000000093100000| Untracked 
| 306|0x0000000093200000, 0x0000000093200000, 0x0000000093300000|  0%| F|  |TAMS 0x0000000093200000| PB 0x0000000093200000| Untracked 
| 307|0x0000000093300000, 0x0000000093300000, 0x0000000093400000|  0%| F|  |TAMS 0x0000000093300000| PB 0x0000000093300000| Untracked 
| 308|0x0000000093400000, 0x0000000093400000, 0x0000000093500000|  0%| F|  |TAMS 0x0000000093400000| PB 0x0000000093400000| Untracked 
| 309|0x0000000093500000, 0x0000000093500000, 0x0000000093600000|  0%| F|  |TAMS 0x0000000093500000| PB 0x0000000093500000| Untracked 
| 310|0x0000000093600000, 0x0000000093600000, 0x0000000093700000|  0%| F|  |TAMS 0x0000000093600000| PB 0x0000000093600000| Untracked 
| 311|0x0000000093700000, 0x0000000093700000, 0x0000000093800000|  0%| F|  |TAMS 0x0000000093700000| PB 0x0000000093700000| Untracked 
| 312|0x0000000093800000, 0x0000000093800000, 0x0000000093900000|  0%| F|  |TAMS 0x0000000093800000| PB 0x0000000093800000| Untracked 
| 313|0x0000000093900000, 0x0000000093900000, 0x0000000093a00000|  0%| F|  |TAMS 0x0000000093900000| PB 0x0000000093900000| Untracked 
| 314|0x0000000093a00000, 0x0000000093a00000, 0x0000000093b00000|  0%| F|  |TAMS 0x0000000093a00000| PB 0x0000000093a00000| Untracked 
| 315|0x0000000093b00000, 0x0000000093b00000, 0x0000000093c00000|  0%| F|  |TAMS 0x0000000093b00000| PB 0x0000000093b00000| Untracked 
| 316|0x0000000093c00000, 0x0000000093c00000, 0x0000000093d00000|  0%| F|  |TAMS 0x0000000093c00000| PB 0x0000000093c00000| Untracked 
| 317|0x0000000093d00000, 0x0000000093d00000, 0x0000000093e00000|  0%| F|  |TAMS 0x0000000093d00000| PB 0x0000000093d00000| Untracked 
| 318|0x0000000093e00000, 0x0000000093e00000, 0x0000000093f00000|  0%| F|  |TAMS 0x0000000093e00000| PB 0x0000000093e00000| Untracked 
| 319|0x0000000093f00000, 0x0000000093f00000, 0x0000000094000000|  0%| F|  |TAMS 0x0000000093f00000| PB 0x0000000093f00000| Untracked 
| 320|0x0000000094000000, 0x0000000094000000, 0x0000000094100000|  0%| F|  |TAMS 0x0000000094000000| PB 0x0000000094000000| Untracked 
| 321|0x0000000094100000, 0x0000000094100000, 0x0000000094200000|  0%| F|  |TAMS 0x0000000094100000| PB 0x0000000094100000| Untracked 
| 322|0x0000000094200000, 0x0000000094200000, 0x0000000094300000|  0%| F|  |TAMS 0x0000000094200000| PB 0x0000000094200000| Untracked 
| 323|0x0000000094300000, 0x0000000094300000, 0x0000000094400000|  0%| F|  |TAMS 0x0000000094300000| PB 0x0000000094300000| Untracked 
| 324|0x0000000094400000, 0x0000000094400000, 0x0000000094500000|  0%| F|  |TAMS 0x0000000094400000| PB 0x0000000094400000| Untracked 
| 325|0x0000000094500000, 0x0000000094500000, 0x0000000094600000|  0%| F|  |TAMS 0x0000000094500000| PB 0x0000000094500000| Untracked 
| 326|0x0000000094600000, 0x0000000094600000, 0x0000000094700000|  0%| F|  |TAMS 0x0000000094600000| PB 0x0000000094600000| Untracked 
| 327|0x0000000094700000, 0x0000000094700000, 0x0000000094800000|  0%| F|  |TAMS 0x0000000094700000| PB 0x0000000094700000| Untracked 
| 328|0x0000000094800000, 0x0000000094800000, 0x0000000094900000|  0%| F|  |TAMS 0x0000000094800000| PB 0x0000000094800000| Untracked 
| 329|0x0000000094900000, 0x0000000094900000, 0x0000000094a00000|  0%| F|  |TAMS 0x0000000094900000| PB 0x0000000094900000| Untracked 
| 330|0x0000000094a00000, 0x0000000094a00000, 0x0000000094b00000|  0%| F|  |TAMS 0x0000000094a00000| PB 0x0000000094a00000| Untracked 
| 331|0x0000000094b00000, 0x0000000094b00000, 0x0000000094c00000|  0%| F|  |TAMS 0x0000000094b00000| PB 0x0000000094b00000| Untracked 
| 332|0x0000000094c00000, 0x0000000094c00000, 0x0000000094d00000|  0%| F|  |TAMS 0x0000000094c00000| PB 0x0000000094c00000| Untracked 
| 333|0x0000000094d00000, 0x0000000094d00000, 0x0000000094e00000|  0%| F|  |TAMS 0x0000000094d00000| PB 0x0000000094d00000| Untracked 
| 334|0x0000000094e00000, 0x0000000094e00000, 0x0000000094f00000|  0%| F|  |TAMS 0x0000000094e00000| PB 0x0000000094e00000| Untracked 
| 335|0x0000000094f00000, 0x0000000094f00000, 0x0000000095000000|  0%| F|  |TAMS 0x0000000094f00000| PB 0x0000000094f00000| Untracked 
| 336|0x0000000095000000, 0x0000000095000000, 0x0000000095100000|  0%| F|  |TAMS 0x0000000095000000| PB 0x0000000095000000| Untracked 
| 337|0x0000000095100000, 0x0000000095100000, 0x0000000095200000|  0%| F|  |TAMS 0x0000000095100000| PB 0x0000000095100000| Untracked 
| 338|0x0000000095200000, 0x0000000095200000, 0x0000000095300000|  0%| F|  |TAMS 0x0000000095200000| PB 0x0000000095200000| Untracked 
| 339|0x0000000095300000, 0x0000000095300000, 0x0000000095400000|  0%| F|  |TAMS 0x0000000095300000| PB 0x0000000095300000| Untracked 
| 340|0x0000000095400000, 0x0000000095400000, 0x0000000095500000|  0%| F|  |TAMS 0x0000000095400000| PB 0x0000000095400000| Untracked 
| 341|0x0000000095500000, 0x0000000095500000, 0x0000000095600000|  0%| F|  |TAMS 0x0000000095500000| PB 0x0000000095500000| Untracked 
| 342|0x0000000095600000, 0x0000000095600000, 0x0000000095700000|  0%| F|  |TAMS 0x0000000095600000| PB 0x0000000095600000| Untracked 
| 343|0x0000000095700000, 0x0000000095700000, 0x0000000095800000|  0%| F|  |TAMS 0x0000000095700000| PB 0x0000000095700000| Untracked 
| 344|0x0000000095800000, 0x0000000095800000, 0x0000000095900000|  0%| F|  |TAMS 0x0000000095800000| PB 0x0000000095800000| Untracked 
| 345|0x0000000095900000, 0x0000000095900000, 0x0000000095a00000|  0%| F|  |TAMS 0x0000000095900000| PB 0x0000000095900000| Untracked 
| 346|0x0000000095a00000, 0x0000000095a00000, 0x0000000095b00000|  0%| F|  |TAMS 0x0000000095a00000| PB 0x0000000095a00000| Untracked 
| 347|0x0000000095b00000, 0x0000000095b00000, 0x0000000095c00000|  0%| F|  |TAMS 0x0000000095b00000| PB 0x0000000095b00000| Untracked 
| 348|0x0000000095c00000, 0x0000000095c00000, 0x0000000095d00000|  0%| F|  |TAMS 0x0000000095c00000| PB 0x0000000095c00000| Untracked 
| 349|0x0000000095d00000, 0x0000000095d00000, 0x0000000095e00000|  0%| F|  |TAMS 0x0000000095d00000| PB 0x0000000095d00000| Untracked 
| 350|0x0000000095e00000, 0x0000000095e00000, 0x0000000095f00000|  0%| F|  |TAMS 0x0000000095e00000| PB 0x0000000095e00000| Untracked 
| 351|0x0000000095f00000, 0x0000000095f00000, 0x0000000096000000|  0%| F|  |TAMS 0x0000000095f00000| PB 0x0000000095f00000| Untracked 
| 352|0x0000000096000000, 0x0000000096000000, 0x0000000096100000|  0%| F|  |TAMS 0x0000000096000000| PB 0x0000000096000000| Untracked 
| 353|0x0000000096100000, 0x0000000096100000, 0x0000000096200000|  0%| F|  |TAMS 0x0000000096100000| PB 0x0000000096100000| Untracked 
| 354|0x0000000096200000, 0x0000000096200000, 0x0000000096300000|  0%| F|  |TAMS 0x0000000096200000| PB 0x0000000096200000| Untracked 
| 355|0x0000000096300000, 0x0000000096300000, 0x0000000096400000|  0%| F|  |TAMS 0x0000000096300000| PB 0x0000000096300000| Untracked 
| 356|0x0000000096400000, 0x0000000096400000, 0x0000000096500000|  0%| F|  |TAMS 0x0000000096400000| PB 0x0000000096400000| Untracked 
| 357|0x0000000096500000, 0x0000000096500000, 0x0000000096600000|  0%| F|  |TAMS 0x0000000096500000| PB 0x0000000096500000| Untracked 
| 358|0x0000000096600000, 0x0000000096600000, 0x0000000096700000|  0%| F|  |TAMS 0x0000000096600000| PB 0x0000000096600000| Untracked 
| 359|0x0000000096700000, 0x0000000096700000, 0x0000000096800000|  0%| F|  |TAMS 0x0000000096700000| PB 0x0000000096700000| Untracked 
| 360|0x0000000096800000, 0x0000000096800000, 0x0000000096900000|  0%| F|  |TAMS 0x0000000096800000| PB 0x0000000096800000| Untracked 
| 361|0x0000000096900000, 0x0000000096900000, 0x0000000096a00000|  0%| F|  |TAMS 0x0000000096900000| PB 0x0000000096900000| Untracked 
| 362|0x0000000096a00000, 0x0000000096a00000, 0x0000000096b00000|  0%| F|  |TAMS 0x0000000096a00000| PB 0x0000000096a00000| Untracked 
| 363|0x0000000096b00000, 0x0000000096b00000, 0x0000000096c00000|  0%| F|  |TAMS 0x0000000096b00000| PB 0x0000000096b00000| Untracked 
| 364|0x0000000096c00000, 0x0000000096c00000, 0x0000000096d00000|  0%| F|  |TAMS 0x0000000096c00000| PB 0x0000000096c00000| Untracked 
| 365|0x0000000096d00000, 0x0000000096d00000, 0x0000000096e00000|  0%| F|  |TAMS 0x0000000096d00000| PB 0x0000000096d00000| Untracked 
| 366|0x0000000096e00000, 0x0000000096e00000, 0x0000000096f00000|  0%| F|  |TAMS 0x0000000096e00000| PB 0x0000000096e00000| Untracked 
| 367|0x0000000096f00000, 0x0000000096f00000, 0x0000000097000000|  0%| F|  |TAMS 0x0000000096f00000| PB 0x0000000096f00000| Untracked 
| 368|0x0000000097000000, 0x0000000097000000, 0x0000000097100000|  0%| F|  |TAMS 0x0000000097000000| PB 0x0000000097000000| Untracked 
| 369|0x0000000097100000, 0x0000000097100000, 0x0000000097200000|  0%| F|  |TAMS 0x0000000097100000| PB 0x0000000097100000| Untracked 
| 370|0x0000000097200000, 0x0000000097200000, 0x0000000097300000|  0%| F|  |TAMS 0x0000000097200000| PB 0x0000000097200000| Untracked 
| 371|0x0000000097300000, 0x0000000097300000, 0x0000000097400000|  0%| F|  |TAMS 0x0000000097300000| PB 0x0000000097300000| Untracked 
| 372|0x0000000097400000, 0x0000000097400000, 0x0000000097500000|  0%| F|  |TAMS 0x0000000097400000| PB 0x0000000097400000| Untracked 
| 373|0x0000000097500000, 0x0000000097500000, 0x0000000097600000|  0%| F|  |TAMS 0x0000000097500000| PB 0x0000000097500000| Untracked 
| 374|0x0000000097600000, 0x0000000097600000, 0x0000000097700000|  0%| F|  |TAMS 0x0000000097600000| PB 0x0000000097600000| Untracked 
| 375|0x0000000097700000, 0x0000000097700000, 0x0000000097800000|  0%| F|  |TAMS 0x0000000097700000| PB 0x0000000097700000| Untracked 
| 376|0x0000000097800000, 0x0000000097800000, 0x0000000097900000|  0%| F|  |TAMS 0x0000000097800000| PB 0x0000000097800000| Untracked 
| 377|0x0000000097900000, 0x0000000097900000, 0x0000000097a00000|  0%| F|  |TAMS 0x0000000097900000| PB 0x0000000097900000| Untracked 
| 378|0x0000000097a00000, 0x0000000097a00000, 0x0000000097b00000|  0%| F|  |TAMS 0x0000000097a00000| PB 0x0000000097a00000| Untracked 
| 379|0x0000000097b00000, 0x0000000097b00000, 0x0000000097c00000|  0%| F|  |TAMS 0x0000000097b00000| PB 0x0000000097b00000| Untracked 
| 380|0x0000000097c00000, 0x0000000097c00000, 0x0000000097d00000|  0%| F|  |TAMS 0x0000000097c00000| PB 0x0000000097c00000| Untracked 
| 381|0x0000000097d00000, 0x0000000097d00000, 0x0000000097e00000|  0%| F|  |TAMS 0x0000000097d00000| PB 0x0000000097d00000| Untracked 
| 382|0x0000000097e00000, 0x0000000097e00000, 0x0000000097f00000|  0%| F|  |TAMS 0x0000000097e00000| PB 0x0000000097e00000| Untracked 
| 383|0x0000000097f00000, 0x0000000097f00000, 0x0000000098000000|  0%| F|  |TAMS 0x0000000097f00000| PB 0x0000000097f00000| Untracked 
| 384|0x0000000098000000, 0x0000000098000000, 0x0000000098100000|  0%| F|  |TAMS 0x0000000098000000| PB 0x0000000098000000| Untracked 
| 385|0x0000000098100000, 0x0000000098100000, 0x0000000098200000|  0%| F|  |TAMS 0x0000000098100000| PB 0x0000000098100000| Untracked 
| 386|0x0000000098200000, 0x0000000098200000, 0x0000000098300000|  0%| F|  |TAMS 0x0000000098200000| PB 0x0000000098200000| Untracked 
| 387|0x0000000098300000, 0x0000000098300000, 0x0000000098400000|  0%| F|  |TAMS 0x0000000098300000| PB 0x0000000098300000| Untracked 
| 388|0x0000000098400000, 0x0000000098400000, 0x0000000098500000|  0%| F|  |TAMS 0x0000000098400000| PB 0x0000000098400000| Untracked 
| 389|0x0000000098500000, 0x0000000098500000, 0x0000000098600000|  0%| F|  |TAMS 0x0000000098500000| PB 0x0000000098500000| Untracked 
| 390|0x0000000098600000, 0x0000000098600000, 0x0000000098700000|  0%| F|  |TAMS 0x0000000098600000| PB 0x0000000098600000| Untracked 
| 391|0x0000000098700000, 0x0000000098700000, 0x0000000098800000|  0%| F|  |TAMS 0x0000000098700000| PB 0x0000000098700000| Untracked 
| 392|0x0000000098800000, 0x0000000098800000, 0x0000000098900000|  0%| F|  |TAMS 0x0000000098800000| PB 0x0000000098800000| Untracked 
| 393|0x0000000098900000, 0x0000000098900000, 0x0000000098a00000|  0%| F|  |TAMS 0x0000000098900000| PB 0x0000000098900000| Untracked 
| 394|0x0000000098a00000, 0x0000000098a00000, 0x0000000098b00000|  0%| F|  |TAMS 0x0000000098a00000| PB 0x0000000098a00000| Untracked 
| 395|0x0000000098b00000, 0x0000000098b00000, 0x0000000098c00000|  0%| F|  |TAMS 0x0000000098b00000| PB 0x0000000098b00000| Untracked 
| 396|0x0000000098c00000, 0x0000000098c00000, 0x0000000098d00000|  0%| F|  |TAMS 0x0000000098c00000| PB 0x0000000098c00000| Untracked 
| 397|0x0000000098d00000, 0x0000000098d00000, 0x0000000098e00000|  0%| F|  |TAMS 0x0000000098d00000| PB 0x0000000098d00000| Untracked 
| 398|0x0000000098e00000, 0x0000000098e00000, 0x0000000098f00000|  0%| F|  |TAMS 0x0000000098e00000| PB 0x0000000098e00000| Untracked 
| 399|0x0000000098f00000, 0x0000000098f00000, 0x0000000099000000|  0%| F|  |TAMS 0x0000000098f00000| PB 0x0000000098f00000| Untracked 
| 400|0x0000000099000000, 0x0000000099000000, 0x0000000099100000|  0%| F|  |TAMS 0x0000000099000000| PB 0x0000000099000000| Untracked 
| 401|0x0000000099100000, 0x0000000099100000, 0x0000000099200000|  0%| F|  |TAMS 0x0000000099100000| PB 0x0000000099100000| Untracked 
| 402|0x0000000099200000, 0x0000000099200000, 0x0000000099300000|  0%| F|  |TAMS 0x0000000099200000| PB 0x0000000099200000| Untracked 
| 403|0x0000000099300000, 0x0000000099300000, 0x0000000099400000|  0%| F|  |TAMS 0x0000000099300000| PB 0x0000000099300000| Untracked 
| 404|0x0000000099400000, 0x0000000099400000, 0x0000000099500000|  0%| F|  |TAMS 0x0000000099400000| PB 0x0000000099400000| Untracked 
| 405|0x0000000099500000, 0x0000000099500000, 0x0000000099600000|  0%| F|  |TAMS 0x0000000099500000| PB 0x0000000099500000| Untracked 
| 406|0x0000000099600000, 0x0000000099600000, 0x0000000099700000|  0%| F|  |TAMS 0x0000000099600000| PB 0x0000000099600000| Untracked 
| 407|0x0000000099700000, 0x0000000099700000, 0x0000000099800000|  0%| F|  |TAMS 0x0000000099700000| PB 0x0000000099700000| Untracked 
| 408|0x0000000099800000, 0x0000000099800000, 0x0000000099900000|  0%| F|  |TAMS 0x0000000099800000| PB 0x0000000099800000| Untracked 
| 409|0x0000000099900000, 0x0000000099900000, 0x0000000099a00000|  0%| F|  |TAMS 0x0000000099900000| PB 0x0000000099900000| Untracked 
| 410|0x0000000099a00000, 0x0000000099a00000, 0x0000000099b00000|  0%| F|  |TAMS 0x0000000099a00000| PB 0x0000000099a00000| Untracked 
| 411|0x0000000099b00000, 0x0000000099b00000, 0x0000000099c00000|  0%| F|  |TAMS 0x0000000099b00000| PB 0x0000000099b00000| Untracked 
| 412|0x0000000099c00000, 0x0000000099c00000, 0x0000000099d00000|  0%| F|  |TAMS 0x0000000099c00000| PB 0x0000000099c00000| Untracked 
| 413|0x0000000099d00000, 0x0000000099d00000, 0x0000000099e00000|  0%| F|  |TAMS 0x0000000099d00000| PB 0x0000000099d00000| Untracked 
| 414|0x0000000099e00000, 0x0000000099e00000, 0x0000000099f00000|  0%| F|  |TAMS 0x0000000099e00000| PB 0x0000000099e00000| Untracked 
| 415|0x0000000099f00000, 0x0000000099f00000, 0x000000009a000000|  0%| F|  |TAMS 0x0000000099f00000| PB 0x0000000099f00000| Untracked 
| 416|0x000000009a000000, 0x000000009a000000, 0x000000009a100000|  0%| F|  |TAMS 0x000000009a000000| PB 0x000000009a000000| Untracked 
| 417|0x000000009a100000, 0x000000009a180000, 0x000000009a200000| 50%| S|CS|TAMS 0x000000009a100000| PB 0x000000009a100000| Complete 
| 418|0x000000009a200000, 0x000000009a300000, 0x000000009a300000|100%| S|CS|TAMS 0x000000009a200000| PB 0x000000009a200000| Complete 
| 419|0x000000009a300000, 0x000000009a400000, 0x000000009a400000|100%| S|CS|TAMS 0x000000009a300000| PB 0x000000009a300000| Complete 
| 420|0x000000009a400000, 0x000000009a500000, 0x000000009a500000|100%| S|CS|TAMS 0x000000009a400000| PB 0x000000009a400000| Complete 
| 421|0x000000009a500000, 0x000000009a500000, 0x000000009a600000|  0%| F|  |TAMS 0x000000009a500000| PB 0x000000009a500000| Untracked 
| 422|0x000000009a600000, 0x000000009a600000, 0x000000009a700000|  0%| F|  |TAMS 0x000000009a600000| PB 0x000000009a600000| Untracked 
| 423|0x000000009a700000, 0x000000009a700000, 0x000000009a800000|  0%| F|  |TAMS 0x000000009a700000| PB 0x000000009a700000| Untracked 
| 424|0x000000009a800000, 0x000000009a800000, 0x000000009a900000|  0%| F|  |TAMS 0x000000009a800000| PB 0x000000009a800000| Untracked 
| 425|0x000000009a900000, 0x000000009a900000, 0x000000009aa00000|  0%| F|  |TAMS 0x000000009a900000| PB 0x000000009a900000| Untracked 
| 426|0x000000009aa00000, 0x000000009aa00000, 0x000000009ab00000|  0%| F|  |TAMS 0x000000009aa00000| PB 0x000000009aa00000| Untracked 
| 427|0x000000009ab00000, 0x000000009ab00000, 0x000000009ac00000|  0%| F|  |TAMS 0x000000009ab00000| PB 0x000000009ab00000| Untracked 
| 428|0x000000009ac00000, 0x000000009ac00000, 0x000000009ad00000|  0%| F|  |TAMS 0x000000009ac00000| PB 0x000000009ac00000| Untracked 
| 429|0x000000009ad00000, 0x000000009ad00000, 0x000000009ae00000|  0%| F|  |TAMS 0x000000009ad00000| PB 0x000000009ad00000| Untracked 
| 430|0x000000009ae00000, 0x000000009ae00000, 0x000000009af00000|  0%| F|  |TAMS 0x000000009ae00000| PB 0x000000009ae00000| Untracked 
| 431|0x000000009af00000, 0x000000009af00000, 0x000000009b000000|  0%| F|  |TAMS 0x000000009af00000| PB 0x000000009af00000| Untracked 
| 432|0x000000009b000000, 0x000000009b000000, 0x000000009b100000|  0%| F|  |TAMS 0x000000009b000000| PB 0x000000009b000000| Untracked 
| 433|0x000000009b100000, 0x000000009b180000, 0x000000009b200000| 50%| E|  |TAMS 0x000000009b100000| PB 0x000000009b100000| Complete 
| 434|0x000000009b200000, 0x000000009b300000, 0x000000009b300000|100%| E|CS|TAMS 0x000000009b200000| PB 0x000000009b200000| Complete 
| 435|0x000000009b300000, 0x000000009b400000, 0x000000009b400000|100%| E|CS|TAMS 0x000000009b300000| PB 0x000000009b300000| Complete 
| 436|0x000000009b400000, 0x000000009b500000, 0x000000009b500000|100%| E|CS|TAMS 0x000000009b400000| PB 0x000000009b400000| Complete 
| 437|0x000000009b500000, 0x000000009b600000, 0x000000009b600000|100%| E|CS|TAMS 0x000000009b500000| PB 0x000000009b500000| Complete 
| 438|0x000000009b600000, 0x000000009b700000, 0x000000009b700000|100%| E|CS|TAMS 0x000000009b600000| PB 0x000000009b600000| Complete 
| 439|0x000000009b700000, 0x000000009b800000, 0x000000009b800000|100%| E|CS|TAMS 0x000000009b700000| PB 0x000000009b700000| Complete 
| 440|0x000000009b800000, 0x000000009b900000, 0x000000009b900000|100%| E|CS|TAMS 0x000000009b800000| PB 0x000000009b800000| Complete 
| 441|0x000000009b900000, 0x000000009ba00000, 0x000000009ba00000|100%| E|CS|TAMS 0x000000009b900000| PB 0x000000009b900000| Complete 
| 442|0x000000009ba00000, 0x000000009bb00000, 0x000000009bb00000|100%| E|CS|TAMS 0x000000009ba00000| PB 0x000000009ba00000| Complete 
| 443|0x000000009bb00000, 0x000000009bc00000, 0x000000009bc00000|100%| E|CS|TAMS 0x000000009bb00000| PB 0x000000009bb00000| Complete 
| 444|0x000000009bc00000, 0x000000009bd00000, 0x000000009bd00000|100%| E|CS|TAMS 0x000000009bc00000| PB 0x000000009bc00000| Complete 
| 445|0x000000009bd00000, 0x000000009be00000, 0x000000009be00000|100%| E|CS|TAMS 0x000000009bd00000| PB 0x000000009bd00000| Complete 
|2033|0x00000000ff100000, 0x00000000ff200000, 0x00000000ff200000|100%| E|CS|TAMS 0x00000000ff100000| PB 0x00000000ff100000| Complete 
|2034|0x00000000ff200000, 0x00000000ff300000, 0x00000000ff300000|100%| E|CS|TAMS 0x00000000ff200000| PB 0x00000000ff200000| Complete 
|2035|0x00000000ff300000, 0x00000000ff400000, 0x00000000ff400000|100%| E|CS|TAMS 0x00000000ff300000| PB 0x00000000ff300000| Complete 
|2036|0x00000000ff400000, 0x00000000ff500000, 0x00000000ff500000|100%| E|CS|TAMS 0x00000000ff400000| PB 0x00000000ff400000| Complete 
|2037|0x00000000ff500000, 0x00000000ff600000, 0x00000000ff600000|100%| E|CS|TAMS 0x00000000ff500000| PB 0x00000000ff500000| Complete 
|2038|0x00000000ff600000, 0x00000000ff700000, 0x00000000ff700000|100%| E|CS|TAMS 0x00000000ff600000| PB 0x00000000ff600000| Complete 
|2039|0x00000000ff700000, 0x00000000ff800000, 0x00000000ff800000|100%| E|CS|TAMS 0x00000000ff700000| PB 0x00000000ff700000| Complete 
|2040|0x00000000ff800000, 0x00000000ff900000, 0x00000000ff900000|100%| E|CS|TAMS 0x00000000ff800000| PB 0x00000000ff800000| Complete 
|2041|0x00000000ff900000, 0x00000000ffa00000, 0x00000000ffa00000|100%| E|CS|TAMS 0x00000000ff900000| PB 0x00000000ff900000| Complete 
|2042|0x00000000ffa00000, 0x00000000ffb00000, 0x00000000ffb00000|100%| O|  |TAMS 0x00000000ffb00000| PB 0x00000000ffb00000| Untracked 
|2043|0x00000000ffb00000, 0x00000000ffc00000, 0x00000000ffc00000|100%| E|CS|TAMS 0x00000000ffb00000| PB 0x00000000ffb00000| Complete 
|2044|0x00000000ffc00000, 0x00000000ffd00000, 0x00000000ffd00000|100%| E|CS|TAMS 0x00000000ffc00000| PB 0x00000000ffc00000| Complete 
|2045|0x00000000ffd00000, 0x00000000ffe00000, 0x00000000ffe00000|100%| E|CS|TAMS 0x00000000ffd00000| PB 0x00000000ffd00000| Complete 
|2046|0x00000000ffe00000, 0x00000000fff00000, 0x00000000fff00000|100%| E|CS|TAMS 0x00000000ffe00000| PB 0x00000000ffe00000| Complete 
|2047|0x00000000fff00000, 0x0000000100000000, 0x0000000100000000|100%| E|CS|TAMS 0x00000000fff00000| PB 0x00000000fff00000| Complete 

Card table byte_map: [0x000001a2bd6e0000,0x000001a2bdae0000] _byte_map_base: 0x000001a2bd2e0000

Marking Bits: (CMBitMap*) 0x000001a2ab1c1570
 Bits: [0x000001a2bdae0000, 0x000001a2bfae0000)

Polling page: 0x000001a2a9120000

Metaspace:

Usage:
  Non-class:    125.19 MB used.
      Class:     18.64 MB used.
       Both:    143.83 MB used.

Virtual space:
  Non-class space:      128.00 MB reserved,     126.38 MB ( 99%) committed,  2 nodes.
      Class space:        1.00 GB reserved,      19.69 MB (  2%) committed,  1 nodes.
             Both:        1.12 GB reserved,     146.06 MB ( 13%) committed. 

Chunk freelists:
   Non-Class:  1.42 MB
       Class:  12.14 MB
        Both:  13.56 MB

MaxMetaspaceSize: unlimited
CompressedClassSpaceSize: 1.00 GB
Initial GC threshold: 21.00 MB
Current GC threshold: 243.44 MB
CDS: off
 - commit_granule_bytes: 65536.
 - commit_granule_words: 8192.
 - virtual_space_node_default_size: 8388608.
 - enlarge_chunks_in_place: 1.
 - use_allocation_guard: 0.


Internal statistics:

num_allocs_failed_limit: 6.
num_arena_births: 4318.
num_arena_deaths: 0.
num_vsnodes_births: 3.
num_vsnodes_deaths: 0.
num_space_committed: 2337.
num_space_uncommitted: 0.
num_chunks_returned_to_freelist: 6.
num_chunks_taken_from_freelist: 10020.
num_chunk_merges: 3.
num_chunk_splits: 6923.
num_chunks_enlarged: 4767.
num_inconsistent_stats: 0.

CodeHeap 'non-profiled nmethods': size=120000Kb used=14007Kb max_used=14895Kb free=105992Kb
 bounds [0x000001a2b5db0000, 0x000001a2b6c40000, 0x000001a2bd2e0000]
CodeHeap 'profiled nmethods': size=120000Kb used=28576Kb max_used=29545Kb free=91423Kb
 bounds [0x000001a2ae2e0000, 0x000001a2affc0000, 0x000001a2b5810000]
CodeHeap 'non-nmethods': size=5760Kb used=2264Kb max_used=2290Kb free=3495Kb
 bounds [0x000001a2b5810000, 0x000001a2b5a80000, 0x000001a2b5db0000]
CodeCache: size=245760Kb, used=44847Kb, max_used=46730Kb, free=200910Kb
 total_blobs=16557, nmethods=15437, adapters=1024, full_count=0
Compilation: enabled, stopped_count=0, restarted_count=0

Compilation events (20 events):
Event: 589.118 Thread 0x000001a2c21ef240 20384       3       org.jetbrains.kotlin.fir.deserialization.PackagePartsCacheData::getTopLevelFunctionNameIndex (15 bytes)
Event: 589.118 Thread 0x000001a2c21ef240 nmethod 20384 0x000001a2aff98d10 code [0x000001a2aff98ec0, 0x000001a2aff99188]
Event: 589.126 Thread 0x000001a2c21ef240 20385       3       org.jetbrains.kotlin.load.java.structure.impl.classFiles.ClassifierResolutionContext::<init> (20 bytes)
Event: 589.126 Thread 0x000001a2c21ef240 nmethod 20385 0x000001a2aff99290 code [0x000001a2aff99440, 0x000001a2aff996c0]
Event: 589.128 Thread 0x000001a2c21ef240 20386       3       org.jetbrains.kotlin.load.java.structure.impl.classFiles.ClassifierResolutionContext::copyForMember$frontend_common_jvm (20 bytes)
Event: 589.128 Thread 0x000001a2c21ef240 nmethod 20386 0x000001a2aff99790 code [0x000001a2aff99940, 0x000001a2aff99c78]
Event: 589.129 Thread 0x000001a2c21ef240 20387       3       org.jetbrains.kotlin.load.java.structure.impl.classFiles.BinaryJavaMethod::<init> (51 bytes)
Event: 589.132 Thread 0x000001a2c21ef240 nmethod 20387 0x000001a2aff99d90 code [0x000001a2aff9a180, 0x000001a2aff9b908]
Event: 589.141 Thread 0x000001a2c21ef240 20388       3       org.jetbrains.kotlin.load.java.structure.impl.classFiles.BinaryClassSignatureParser::mapAsmType (33 bytes)
Event: 589.143 Thread 0x000001a2c21ef240 nmethod 20388 0x000001a2aff9c210 code [0x000001a2aff9c4e0, 0x000001a2aff9d060]
Event: 589.143 Thread 0x000001a2c21ef240 20389       3       org.jetbrains.kotlin.load.java.structure.impl.classFiles.BinaryJavaMethodBase$Companion$MethodInfo::<init> (38 bytes)
Event: 589.144 Thread 0x000001a2c21ef240 nmethod 20389 0x000001a2aff9d510 code [0x000001a2aff9d820, 0x000001a2aff9e7b8]
Event: 589.145 Thread 0x000001a2c21ef240 20390       3       org.jetbrains.kotlin.load.java.structure.impl.classFiles.BinaryJavaValueParameter::<init> (46 bytes)
Event: 589.147 Thread 0x000001a2c21ef240 nmethod 20390 0x000001a2aff9ed10 code [0x000001a2aff9efe0, 0x000001a2aff9fe18]
Event: 589.158 Thread 0x000001a2c21ef240 20392       3       org.jetbrains.org.objectweb.asm.MethodVisitor::visitEnd (15 bytes)
Event: 589.158 Thread 0x000001a2c21ef240 nmethod 20392 0x000001a2affa0390 code [0x000001a2affa0540, 0x000001a2affa0740]
Event: 589.159 Thread 0x000001a2c21ef240 20393       3       org.jetbrains.kotlin.load.java.structure.impl.classFiles.BinaryJavaClass::visitMethod (233 bytes)
Event: 589.162 Thread 0x000001a2c21ef240 nmethod 20393 0x000001a2affa0810 code [0x000001a2affa0ce0, 0x000001a2affa2f38]
Event: 589.164 Thread 0x000001a2c21ef240 20394       3       kotlin.collections.SetsKt__SetsKt::setOf (11 bytes)
Event: 589.166 Thread 0x000001a2c21ef240 nmethod 20394 0x000001a2affa3b10 code [0x000001a2affa3d40, 0x000001a2affa42d8]

GC Heap History (20 events):
Event: 552.735 GC heap before
{Heap before GC invocations=179 (full 0):
 garbage-first heap   total 322560K, used 304785K [0x0000000080000000, 0x0000000100000000)
  region size 1024K, 166 young (169984K), 9 survivors (9216K)
 Metaspace       used 94416K, committed 96576K, reserved 1179648K
  class space    used 12714K, committed 13760K, reserved 1048576K
}
Event: 552.753 GC heap after
{Heap after GC invocations=180 (full 0):
 garbage-first heap   total 322560K, used 145041K [0x0000000080000000, 0x0000000100000000)
  region size 1024K, 10 young (10240K), 10 survivors (10240K)
 Metaspace       used 94416K, committed 96576K, reserved 1179648K
  class space    used 12714K, committed 13760K, reserved 1048576K
}
Event: 553.449 GC heap before
{Heap before GC invocations=180 (full 0):
 garbage-first heap   total 322560K, used 304785K [0x0000000080000000, 0x0000000100000000)
  region size 1024K, 166 young (169984K), 10 survivors (10240K)
 Metaspace       used 94416K, committed 96576K, reserved 1179648K
  class space    used 12714K, committed 13760K, reserved 1048576K
}
Event: 553.479 GC heap after
{Heap after GC invocations=181 (full 0):
 garbage-first heap   total 322560K, used 143839K [0x0000000080000000, 0x0000000100000000)
  region size 1024K, 11 young (11264K), 11 survivors (11264K)
 Metaspace       used 94416K, committed 96576K, reserved 1179648K
  class space    used 12714K, committed 13760K, reserved 1048576K
}
Event: 554.055 GC heap before
{Heap before GC invocations=181 (full 0):
 garbage-first heap   total 322560K, used 303583K [0x0000000080000000, 0x0000000100000000)
  region size 1024K, 167 young (171008K), 11 survivors (11264K)
 Metaspace       used 94416K, committed 96576K, reserved 1179648K
  class space    used 12714K, committed 13760K, reserved 1048576K
}
Event: 554.075 GC heap after
{Heap after GC invocations=182 (full 0):
 garbage-first heap   total 322560K, used 144928K [0x0000000080000000, 0x0000000100000000)
  region size 1024K, 12 young (12288K), 12 survivors (12288K)
 Metaspace       used 94416K, committed 96576K, reserved 1179648K
  class space    used 12714K, committed 13760K, reserved 1048576K
}
Event: 554.840 GC heap before
{Heap before GC invocations=182 (full 0):
 garbage-first heap   total 322560K, used 303648K [0x0000000080000000, 0x0000000100000000)
  region size 1024K, 167 young (171008K), 12 survivors (12288K)
 Metaspace       used 94418K, committed 96576K, reserved 1179648K
  class space    used 12714K, committed 13760K, reserved 1048576K
}
Event: 554.859 GC heap after
{Heap after GC invocations=183 (full 0):
 garbage-first heap   total 322560K, used 145667K [0x0000000080000000, 0x0000000100000000)
  region size 1024K, 12 young (12288K), 12 survivors (12288K)
 Metaspace       used 94418K, committed 96576K, reserved 1179648K
  class space    used 12714K, committed 13760K, reserved 1048576K
}
Event: 555.441 GC heap before
{Heap before GC invocations=184 (full 0):
 garbage-first heap   total 322560K, used 304387K [0x0000000080000000, 0x0000000100000000)
  region size 1024K, 167 young (171008K), 12 survivors (12288K)
 Metaspace       used 94418K, committed 96576K, reserved 1179648K
  class space    used 12714K, committed 13760K, reserved 1048576K
}
Event: 555.473 GC heap after
{Heap after GC invocations=185 (full 0):
 garbage-first heap   total 472064K, used 146830K [0x0000000080000000, 0x0000000100000000)
  region size 1024K, 12 young (12288K), 12 survivors (12288K)
 Metaspace       used 94418K, committed 96576K, reserved 1179648K
  class space    used 12714K, committed 13760K, reserved 1048576K
}
Event: 557.479 GC heap before
{Heap before GC invocations=185 (full 0):
 garbage-first heap   total 472064K, used 417166K [0x0000000080000000, 0x0000000100000000)
  region size 1024K, 276 young (282624K), 12 survivors (12288K)
 Metaspace       used 94423K, committed 96576K, reserved 1179648K
  class space    used 12714K, committed 13760K, reserved 1048576K
}
Event: 557.508 GC heap after
{Heap after GC invocations=186 (full 0):
 garbage-first heap   total 472064K, used 145090K [0x0000000080000000, 0x0000000100000000)
  region size 1024K, 14 young (14336K), 14 survivors (14336K)
 Metaspace       used 94423K, committed 96576K, reserved 1179648K
  class space    used 12714K, committed 13760K, reserved 1048576K
}
Event: 564.224 GC heap before
{Heap before GC invocations=186 (full 0):
 garbage-first heap   total 472064K, used 387778K [0x0000000080000000, 0x0000000100000000)
  region size 1024K, 253 young (259072K), 14 survivors (14336K)
 Metaspace       used 98876K, committed 100992K, reserved 1179648K
  class space    used 13736K, committed 14784K, reserved 1048576K
}
Event: 564.255 GC heap after
{Heap after GC invocations=187 (full 0):
 garbage-first heap   total 472064K, used 146626K [0x0000000080000000, 0x0000000100000000)
  region size 1024K, 15 young (15360K), 15 survivors (15360K)
 Metaspace       used 98876K, committed 100992K, reserved 1179648K
  class space    used 13736K, committed 14784K, reserved 1048576K
}
Event: 574.544 GC heap before
{Heap before GC invocations=188 (full 0):
 garbage-first heap   total 472064K, used 423106K [0x0000000080000000, 0x0000000100000000)
  region size 1024K, 276 young (282624K), 15 survivors (15360K)
 Metaspace       used 113296K, committed 115584K, reserved 1179648K
  class space    used 15474K, committed 16576K, reserved 1048576K
}
Event: 574.646 GC heap after
{Heap after GC invocations=189 (full 0):
 garbage-first heap   total 472064K, used 179200K [0x0000000080000000, 0x0000000100000000)
  region size 1024K, 35 young (35840K), 35 survivors (35840K)
 Metaspace       used 113296K, committed 115584K, reserved 1179648K
  class space    used 15474K, committed 16576K, reserved 1048576K
}
Event: 586.367 GC heap before
{Heap before GC invocations=189 (full 0):
 garbage-first heap   total 472064K, used 415744K [0x0000000080000000, 0x0000000100000000)
  region size 1024K, 267 young (273408K), 35 survivors (35840K)
 Metaspace       used 141623K, committed 143872K, reserved 1179648K
  class space    used 18538K, committed 19584K, reserved 1048576K
}
Event: 586.456 GC heap after
{Heap after GC invocations=190 (full 0):
 garbage-first heap   total 472064K, used 192512K [0x0000000080000000, 0x0000000100000000)
  region size 1024K, 17 young (17408K), 17 survivors (17408K)
 Metaspace       used 141623K, committed 143872K, reserved 1179648K
  class space    used 18538K, committed 19584K, reserved 1048576K
}
Event: 588.447 GC heap before
{Heap before GC invocations=190 (full 0):
 garbage-first heap   total 472064K, used 231424K [0x0000000080000000, 0x0000000100000000)
  region size 1024K, 56 young (57344K), 17 survivors (17408K)
 Metaspace       used 147133K, committed 149440K, reserved 1179648K
  class space    used 19074K, committed 20160K, reserved 1048576K
}
Event: 588.502 GC heap after
{Heap after GC invocations=191 (full 0):
 garbage-first heap   total 472064K, used 195584K [0x0000000080000000, 0x0000000100000000)
  region size 1024K, 4 young (4096K), 4 survivors (4096K)
 Metaspace       used 147133K, committed 149440K, reserved 1179648K
  class space    used 19074K, committed 20160K, reserved 1048576K
}

Dll operation events (3 events):
Event: 0.073 Loaded shared library C:\Program Files\Android\Android Studio\jbr\bin\java.dll
Event: 0.154 Loaded shared library C:\Program Files\Android\Android Studio\jbr\bin\zip.dll
Event: 11.091 Loaded shared library C:\Program Files\Android\Android Studio\jbr\bin\verify.dll

Deoptimization events (20 events):
Event: 588.952 Thread 0x000001a2cacf6d90 DEOPT PACKING pc=0x000001a2b6bb417c sp=0x0000005b468f2710
Event: 588.952 Thread 0x000001a2cacf6d90 DEOPT UNPACKING pc=0x000001a2b58643a2 sp=0x0000005b468f2690 mode 2
Event: 588.996 Thread 0x000001a2cacf6d90 DEOPT PACKING pc=0x000001a2aee85afd sp=0x0000005b468f2e80
Event: 588.996 Thread 0x000001a2cacf6d90 DEOPT UNPACKING pc=0x000001a2b5864b42 sp=0x0000005b468f2310 mode 0
Event: 589.024 Thread 0x000001a2cacf6d90 Uncommon trap: trap_request=0xffffffde fr.pc=0x000001a2b6bb417c relative=0x000000000000131c
Event: 589.024 Thread 0x000001a2cacf6d90 Uncommon trap: reason=class_check action=maybe_recompile pc=0x000001a2b6bb417c method=org.jetbrains.org.objectweb.asm.ClassReader.readElementValue(Lorg/jetbrains/org/objectweb/asm/AnnotationVisitor;ILjava/lang/String;[C)I @ 536 c2
Event: 589.024 Thread 0x000001a2cacf6d90 DEOPT PACKING pc=0x000001a2b6bb417c sp=0x0000005b468f26b0
Event: 589.024 Thread 0x000001a2cacf6d90 DEOPT UNPACKING pc=0x000001a2b58643a2 sp=0x0000005b468f2630 mode 2
Event: 589.125 Thread 0x000001a2cacf6d90 Uncommon trap: trap_request=0xffffffde fr.pc=0x000001a2b6c1fb94 relative=0x0000000000002cb4
Event: 589.125 Thread 0x000001a2cacf6d90 Uncommon trap: reason=class_check action=maybe_recompile pc=0x000001a2b6c1fb94 method=org.jetbrains.org.objectweb.asm.ClassReader.readField(Lorg/jetbrains/org/objectweb/asm/ClassVisitor;Lorg/jetbrains/org/objectweb/asm/Context;I)I @ 390 c2
Event: 589.125 Thread 0x000001a2cacf6d90 DEOPT PACKING pc=0x000001a2b6c1fb94 sp=0x0000005b468f1f40
Event: 589.125 Thread 0x000001a2cacf6d90 DEOPT UNPACKING pc=0x000001a2b58643a2 sp=0x0000005b468f1f10 mode 2
Event: 589.125 Thread 0x000001a2cacf6d90 Uncommon trap: trap_request=0xffffffde fr.pc=0x000001a2b6c1fb94 relative=0x0000000000002cb4
Event: 589.125 Thread 0x000001a2cacf6d90 Uncommon trap: reason=class_check action=maybe_recompile pc=0x000001a2b6c1fb94 method=org.jetbrains.org.objectweb.asm.ClassReader.readField(Lorg/jetbrains/org/objectweb/asm/ClassVisitor;Lorg/jetbrains/org/objectweb/asm/Context;I)I @ 390 c2
Event: 589.125 Thread 0x000001a2cacf6d90 DEOPT PACKING pc=0x000001a2b6c1fb94 sp=0x0000005b468f1f40
Event: 589.125 Thread 0x000001a2cacf6d90 DEOPT UNPACKING pc=0x000001a2b58643a2 sp=0x0000005b468f1f10 mode 2
Event: 589.125 Thread 0x000001a2cacf6d90 Uncommon trap: trap_request=0xffffffde fr.pc=0x000001a2b6c1fb94 relative=0x0000000000002cb4
Event: 589.125 Thread 0x000001a2cacf6d90 Uncommon trap: reason=class_check action=maybe_recompile pc=0x000001a2b6c1fb94 method=org.jetbrains.org.objectweb.asm.ClassReader.readField(Lorg/jetbrains/org/objectweb/asm/ClassVisitor;Lorg/jetbrains/org/objectweb/asm/Context;I)I @ 390 c2
Event: 589.125 Thread 0x000001a2cacf6d90 DEOPT PACKING pc=0x000001a2b6c1fb94 sp=0x0000005b468f1f40
Event: 589.125 Thread 0x000001a2cacf6d90 DEOPT UNPACKING pc=0x000001a2b58643a2 sp=0x0000005b468f1f10 mode 2

Classes loaded (20 events):
Event: 571.632 Loading class java/beans/PropertyChangeListener
Event: 571.633 Loading class java/beans/PropertyChangeListener done
Event: 573.713 Loading class java/util/regex/Pattern$Bound
Event: 573.714 Loading class java/util/regex/Pattern$Bound done
Event: 580.405 Loading class java/util/PriorityQueue
Event: 580.407 Loading class java/util/PriorityQueue done
Event: 581.946 Loading class java/text/StringCharacterIterator
Event: 581.947 Loading class java/text/CharacterIterator
Event: 581.948 Loading class java/text/CharacterIterator done
Event: 581.948 Loading class java/text/StringCharacterIterator done
Event: 584.058 Loading class java/util/AbstractList$SubList$1
Event: 584.060 Loading class java/util/AbstractList$SubList$1 done
Event: 584.241 Loading class java/util/EnumMap$EntrySet
Event: 584.243 Loading class java/util/EnumMap$EntrySet done
Event: 584.243 Loading class java/util/EnumMap$EntryIterator
Event: 584.243 Loading class java/util/EnumMap$EnumMapIterator
Event: 584.243 Loading class java/util/EnumMap$EnumMapIterator done
Event: 584.243 Loading class java/util/EnumMap$EntryIterator done
Event: 584.243 Loading class java/util/EnumMap$EntryIterator$Entry
Event: 584.244 Loading class java/util/EnumMap$EntryIterator$Entry done

Classes unloaded (0 events):
No events

Classes redefined (0 events):
No events

Internal exceptions (20 events):
Event: 571.684 Thread 0x000001a2cacf6d90 Exception <a 'java/lang/NoSuchMethodError'{0x0000000093899fd8}: 'java.lang.Object java.lang.invoke.DirectMethodHandle$Holder.invokeStatic(java.lang.Object, java.lang.Object, long, long)'> (0x0000000093899fd8) 
thrown [s\src\hotspot\share\interpreter\linkResolver.cpp, line 784]
Event: 571.703 Thread 0x000001a2cacf6d90 Exception <a 'java/lang/NoSuchMethodError'{0x00000000938e6c58}: 'java.lang.Object java.lang.invoke.DirectMethodHandle$Holder.invokeStatic(java.lang.Object, java.lang.Object, java.lang.Object, long, java.lang.Object)'> (0x00000000938e6c58) 
thrown [s\src\hotspot\share\interpreter\linkResolver.cpp, line 784]
Event: 571.706 Thread 0x000001a2cacf6d90 Exception <a 'java/lang/NoSuchMethodError'{0x00000000938ef1e8}: 'java.lang.Object java.lang.invoke.DirectMethodHandle$Holder.newInvokeSpecial(java.lang.Object, java.lang.Object, java.lang.Object, long)'> (0x00000000938ef1e8) 
thrown [s\src\hotspot\share\interpreter\linkResolver.cpp, line 784]
Event: 571.706 Thread 0x000001a2cacf6d90 Exception <a 'java/lang/NoSuchMethodError'{0x00000000938f4490}: 'java.lang.Object java.lang.invoke.Invokers$Holder.linkToTargetMethod(java.lang.Object, java.lang.Object, long, java.lang.Object)'> (0x00000000938f4490) 
thrown [s\src\hotspot\share\interpreter\linkResolver.cpp, line 784]
Event: 572.239 Thread 0x000001a2cacf6d90 Implicit null exception at 0x000001a2b6b14367 to 0x000001a2b6b14770
Event: 577.708 Thread 0x000001a2c8675c10 Exception <a 'sun/nio/fs/WindowsException'{0x0000000098493690}> (0x0000000098493690) 
thrown [s\src\hotspot\share\prims\jni.cpp, line 537]
Event: 582.139 Thread 0x000001a2cacf6d90 Exception <a 'java/lang/NoSuchMethodError'{0x0000000093964950}: 'java.lang.Object java.lang.invoke.DirectMethodHandle$Holder.newInvokeSpecial(java.lang.Object, int, java.lang.Object, java.lang.Object)'> (0x0000000093964950) 
thrown [s\src\hotspot\share\interpreter\linkResolver.cpp, line 784]
Event: 582.816 Thread 0x000001a2cacf6d90 Exception <a 'java/lang/NoSuchMethodError'{0x0000000092b846d8}: 'void java.lang.invoke.DirectMethodHandle$Holder.invokeStatic(java.lang.Object, java.lang.Object, java.lang.Object, java.lang.Object, int)'> (0x0000000092b846d8) 
thrown [s\src\hotspot\share\interpreter\linkResolver.cpp, line 784]
Event: 582.880 Thread 0x000001a2cacf6d90 Exception <a 'java/lang/NoSuchMethodError'{0x0000000092ae42f8}: 'java.lang.Object java.lang.invoke.DirectMethodHandle$Holder.invokeStatic(java.lang.Object, java.lang.Object, java.lang.Object, java.lang.Object, int, java.lang.Object, java.lang.Object)'> (0x0000000092ae42f8) 
thrown [s\src\hotspot\share\interpreter\linkResolver.cpp, line 784]
Event: 582.883 Thread 0x000001a2cacf6d90 Exception <a 'java/lang/NoSuchMethodError'{0x0000000092aeee50}: 'java.lang.Object java.lang.invoke.DirectMethodHandle$Holder.newInvokeSpecial(java.lang.Object, java.lang.Object, java.lang.Object, java.lang.Object, int, java.lang.Object, java.lang.Object)'> (0x0000000092aeee50) 
thrown [s\src\hotspot\share\interpreter\linkResolver.cpp, line 784]
Event: 584.049 Thread 0x000001a2cacf6d90 Exception <a 'java/lang/NoSuchMethodError'{0x0000000091909810}: 'java.lang.Object java.lang.invoke.Invokers$Holder.invokeExact_MT(java.lang.Object, java.lang.Object, long, java.lang.Object)'> (0x0000000091909810) 
thrown [s\src\hotspot\share\interpreter\linkResolver.cpp, line 784]
Event: 584.146 Thread 0x000001a2cacf6d90 Implicit null exception at 0x000001a2b6b5212d to 0x000001a2b6b529dc
Event: 587.021 Thread 0x000001a2cacf6d90 Exception <a 'java/lang/NoSuchMethodError'{0x00000000ff3f9a48}: 'java.lang.Object java.lang.invoke.DirectMethodHandle$Holder.invokeStatic(java.lang.Object, java.lang.Object, java.lang.Object, java.lang.Object, java.lang.Object, int)'> (0x00000000ff3f9a48) 
thrown [s\src\hotspot\share\interpreter\linkResolver.cpp, line 784]
Event: 587.024 Thread 0x000001a2cacf6d90 Exception <a 'java/lang/NoSuchMethodError'{0x00000000ff207898}: 'java.lang.Object java.lang.invoke.DirectMethodHandle$Holder.newInvokeSpecial(java.lang.Object, java.lang.Object, java.lang.Object, java.lang.Object, java.lang.Object, int)'> (0x00000000ff207898) 
thrown [s\src\hotspot\share\interpreter\linkResolver.cpp, line 784]
Event: 587.025 Thread 0x000001a2cacf6d90 Exception <a 'java/lang/NoSuchMethodError'{0x00000000ff20d2e8}: 'java.lang.Object java.lang.invoke.DirectMethodHandle$Holder.invokeSpecial(java.lang.Object, java.lang.Object, java.lang.Object, java.lang.Object, java.lang.Object, java.lang.Object, int)'> (0x00000000ff20d2e8) 
thrown [s\src\hotspot\share\interpreter\linkResolver.cpp, line 784]
Event: 587.026 Thread 0x000001a2cacf6d90 Exception <a 'java/lang/NoSuchMethodError'{0x00000000ff2123d0}: 'java.lang.Object java.lang.invoke.Invokers$Holder.linkToTargetMethod(java.lang.Object, java.lang.Object, java.lang.Object, java.lang.Object, int, java.lang.Object)'> (0x00000000ff2123d0) 
thrown [s\src\hotspot\share\interpreter\linkResolver.cpp, line 784]
Event: 587.061 Thread 0x000001a2cacf6d90 Exception <a 'java/lang/NoSuchMethodError'{0x00000000ff2b4078}: 'java.lang.Object java.lang.invoke.DirectMethodHandle$Holder.newInvokeSpecial(java.lang.Object, java.lang.Object, java.lang.Object, java.lang.Object, java.lang.Object, java.lang.Object, java.lang.Object, java.lang.Object, int)'> (0x00000000ff2b4078) 
thrown [s\src\hotspot\share\interpreter\linkResolver.cpp, line 784]
Event: 587.064 Thread 0x000001a2cacf6d90 Exception <a 'java/lang/NoSuchMethodError'{0x00000000ff2ba530}: 'java.lang.Object java.lang.invoke.DirectMethodHandle$Holder.invokeSpecial(java.lang.Object, java.lang.Object, java.lang.Object, java.lang.Object, java.lang.Object, java.lang.Object, java.lang.Object, java.lang.Object, java.lang.Object, int)'> (0x00000000ff2ba530) 
thrown [s\src\hotspot\share\interpreter\linkResolver.cpp, line 784]
Event: 587.065 Thread 0x000001a2cacf6d90 Exception <a 'java/lang/NoSuchMethodError'{0x00000000ff2c0188}: 'java.lang.Object java.lang.invoke.Invokers$Holder.linkToTargetMethod(java.lang.Object, java.lang.Object, java.lang.Object, java.lang.Object, java.lang.Object, java.lang.Object, java.lang.Object, int, java.lang.Object)'> (0x00000000ff2c0188) 
thrown [s\src\hotspot\share\interpreter\linkResolver.cpp, line 784]
Event: 587.705 Thread 0x000001a2c8675c10 Exception <a 'sun/nio/fs/WindowsException'{0x000000009b0990e8}> (0x000000009b0990e8) 
thrown [s\src\hotspot\share\prims\jni.cpp, line 537]

ZGC Phase Switch (0 events):
No events

VM Operations (20 events):
Event: 584.205 Executing non-safepoint VM operation: HandshakeAllThreads (Deoptimize)
Event: 584.206 Executing non-safepoint VM operation: HandshakeAllThreads (Deoptimize) done
Event: 585.201 Executing safepoint VM operation: Cleanup
Event: 585.201 Executing safepoint VM operation: Cleanup done
Event: 586.211 Executing safepoint VM operation: Cleanup
Event: 586.212 Executing safepoint VM operation: Cleanup done
Event: 586.367 Executing safepoint VM operation: G1CollectForAllocation (G1 Evacuation Pause)
Event: 586.456 Executing safepoint VM operation: G1CollectForAllocation (G1 Evacuation Pause) done
Event: 587.167 Executing non-safepoint VM operation: HandshakeAllThreads (Deoptimize)
Event: 587.167 Executing non-safepoint VM operation: HandshakeAllThreads (Deoptimize) done
Event: 587.179 Executing non-safepoint VM operation: HandshakeAllThreads (Deoptimize)
Event: 587.179 Executing non-safepoint VM operation: HandshakeAllThreads (Deoptimize) done
Event: 588.161 Executing non-safepoint VM operation: HandshakeAllThreads (Deoptimize)
Event: 588.162 Executing non-safepoint VM operation: HandshakeAllThreads (Deoptimize) done
Event: 588.162 Executing safepoint VM operation: Cleanup
Event: 588.162 Executing safepoint VM operation: Cleanup done
Event: 588.192 Executing non-safepoint VM operation: HandshakeAllThreads (Deoptimize)
Event: 588.193 Executing non-safepoint VM operation: HandshakeAllThreads (Deoptimize) done
Event: 588.447 Executing safepoint VM operation: G1TryInitiateConcMark (G1 Humongous Allocation)
Event: 588.502 Executing safepoint VM operation: G1TryInitiateConcMark (G1 Humongous Allocation) done

Memory protections (0 events):
No events

Nmethod flushes (20 events):
Event: 564.865 Thread 0x000001a2c1fdadd0 flushing  nmethod 0x000001a2afb86090
Event: 564.865 Thread 0x000001a2c1fdadd0 flushing  nmethod 0x000001a2afb87d10
Event: 564.865 Thread 0x000001a2c1fdadd0 flushing osr nmethod 0x000001a2b5fe0d10
Event: 564.865 Thread 0x000001a2c1fdadd0 flushing  nmethod 0x000001a2b6015890
Event: 564.865 Thread 0x000001a2c1fdadd0 flushing  nmethod 0x000001a2b69d9990
Event: 564.865 Thread 0x000001a2c1fdadd0 flushing  nmethod 0x000001a2ae38fd10
Event: 564.865 Thread 0x000001a2c1fdadd0 flushing  nmethod 0x000001a2ae661890
Event: 564.865 Thread 0x000001a2c1fdadd0 flushing  nmethod 0x000001a2ae67a990
Event: 564.865 Thread 0x000001a2c1fdadd0 flushing  nmethod 0x000001a2af062490
Event: 564.865 Thread 0x000001a2c1fdadd0 flushing  nmethod 0x000001a2af0e4810
Event: 564.865 Thread 0x000001a2c1fdadd0 flushing  nmethod 0x000001a2af3b4e10
Event: 564.865 Thread 0x000001a2c1fdadd0 flushing  nmethod 0x000001a2af3f1590
Event: 564.865 Thread 0x000001a2c1fdadd0 flushing  nmethod 0x000001a2af527210
Event: 564.865 Thread 0x000001a2c1fdadd0 flushing  nmethod 0x000001a2af9e1790
Event: 564.865 Thread 0x000001a2c1fdadd0 flushing  nmethod 0x000001a2afa2b610
Event: 564.865 Thread 0x000001a2c1fdadd0 flushing  nmethod 0x000001a2afc18b90
Event: 564.865 Thread 0x000001a2c1fdadd0 flushing  nmethod 0x000001a2afc19290
Event: 564.865 Thread 0x000001a2c1fdadd0 flushing  nmethod 0x000001a2af580a90
Event: 564.865 Thread 0x000001a2c1fdadd0 flushing  nmethod 0x000001a2af5e6710
Event: 564.865 Thread 0x000001a2c1fdadd0 flushing  nmethod 0x000001a2af855a10

Events (20 events):
Event: 267.304 Thread 0x000001a2cacf6d90 Thread added: 0x000001a2cb0c6730
Event: 268.383 Thread 0x000001a2cacf6d90 Thread added: 0x000001a2cb0bfe30
Event: 268.383 Thread 0x000001a2cacf6d90 Thread added: 0x000001a2cb0c1f00
Event: 268.810 Thread 0x000001a2cacf6d90 Thread added: 0x000001a2cb0c5a10
Event: 268.810 Thread 0x000001a2cacf6d90 Thread added: 0x000001a2cb0c7450
Event: 268.810 Thread 0x000001a2cacf6d90 Thread added: 0x000001a2cb0c5380
Event: 268.811 Thread 0x000001a2cacf6d90 Thread added: 0x000001a2cb0c3940
Event: 268.812 Thread 0x000001a2cacf6d90 Thread added: 0x000001a2cb0c4cf0
Event: 268.812 Thread 0x000001a2cacf6d90 Thread added: 0x000001a2cb0c2590
Event: 496.786 Thread 0x000001a2cacf6d90 Thread added: 0x000001a2cbe28520
Event: 509.354 Thread 0x000001a2cacf6d90 Thread added: 0x000001a2ca3fd850
Event: 546.147 Thread 0x000001a2c21b47d0 Thread added: 0x000001a2cc22da80
Event: 546.417 Thread 0x000001a2cc22da80 Thread exited: 0x000001a2cc22da80
Event: 546.632 Thread 0x000001a2c21ef240 Thread added: 0x000001a2cc22d3b0
Event: 547.316 Thread 0x000001a2cc22d3b0 Thread exited: 0x000001a2cc22d3b0
Event: 549.373 Thread 0x000001a2c21ef240 Thread added: 0x000001a2cb4f5f80
Event: 550.273 Thread 0x000001a2cb4f5f80 Thread exited: 0x000001a2cb4f5f80
Event: 568.676 Thread 0x000001a2cacf6d90 Thread added: 0x000001a2c9e33750
Event: 568.677 Thread 0x000001a2cacf6d90 Thread added: 0x000001a2c9e30ff0
Event: 568.763 Thread 0x000001a2c9e30ff0 Thread added: 0x000001a2cc3a25b0


Dynamic libraries:
0x00007ff6208f0000 - 0x00007ff6208fa000 	C:\Program Files\Android\Android Studio\jbr\bin\java.exe
0x00007ffe9a240000 - 0x00007ffe9a449000 	C:\Windows\SYSTEM32\ntdll.dll
0x00007ffe99500000 - 0x00007ffe995bd000 	C:\Windows\System32\KERNEL32.DLL
0x00007ffe97ab0000 - 0x00007ffe97e34000 	C:\Windows\System32\KERNELBASE.dll
0x00007ffe97910000 - 0x00007ffe97a21000 	C:\Windows\System32\ucrtbase.dll
0x00007ffe80500000 - 0x00007ffe8051b000 	C:\Program Files\Android\Android Studio\jbr\bin\VCRUNTIME140.dll
0x00007ffe8a6a0000 - 0x00007ffe8a6b8000 	C:\Program Files\Android\Android Studio\jbr\bin\jli.dll
0x00007ffe98aa0000 - 0x00007ffe98c4d000 	C:\Windows\System32\USER32.dll
0x00007ffe976d0000 - 0x00007ffe976f6000 	C:\Windows\System32\win32u.dll
0x00007ffe989b0000 - 0x00007ffe989da000 	C:\Windows\System32\GDI32.dll
0x00007ffe97f70000 - 0x00007ffe9808e000 	C:\Windows\System32\gdi32full.dll
0x00007ffe97870000 - 0x00007ffe9790d000 	C:\Windows\System32\msvcp_win.dll
0x00007ffe968d0000 - 0x00007ffe96b75000 	C:\Windows\WinSxS\amd64_microsoft.windows.common-controls_6595b64144ccf1df_6.0.22000.120_none_9d947278b86cc467\COMCTL32.dll
0x00007ffe989e0000 - 0x00007ffe98a83000 	C:\Windows\System32\msvcrt.dll
0x00007ffe984f0000 - 0x00007ffe98521000 	C:\Windows\System32\IMM32.DLL
0x00007ffe84b90000 - 0x00007ffe84b9c000 	C:\Program Files\Android\Android Studio\jbr\bin\vcruntime140_1.dll
0x00007ffe2f640000 - 0x00007ffe2f6cd000 	C:\Program Files\Android\Android Studio\jbr\bin\msvcp140.dll
0x00007ffe0e7e0000 - 0x00007ffe0f476000 	C:\Program Files\Android\Android Studio\jbr\bin\server\jvm.dll
0x00007ffe995c0000 - 0x00007ffe9966e000 	C:\Windows\System32\ADVAPI32.dll
0x00007ffe9a010000 - 0x00007ffe9a0ae000 	C:\Windows\System32\sechost.dll
0x00007ffe9a0d0000 - 0x00007ffe9a1f1000 	C:\Windows\System32\RPCRT4.dll
0x00007ffe99670000 - 0x00007ffe996df000 	C:\Windows\System32\WS2_32.dll
0x00007ffe975a0000 - 0x00007ffe975ed000 	C:\Windows\SYSTEM32\POWRPROF.dll
0x00007ffe86e10000 - 0x00007ffe86e43000 	C:\Windows\SYSTEM32\WINMM.dll
0x00007ffe95fb0000 - 0x00007ffe95fba000 	C:\Windows\SYSTEM32\VERSION.dll
0x00007ffe974d0000 - 0x00007ffe974e3000 	C:\Windows\SYSTEM32\UMPDC.dll
0x00007ffe95820000 - 0x00007ffe95838000 	C:\Windows\SYSTEM32\kernel.appcore.dll
0x00007ffe7c570000 - 0x00007ffe7c57a000 	C:\Program Files\Android\Android Studio\jbr\bin\jimage.dll
0x00007ffe96f70000 - 0x00007ffe97191000 	C:\Windows\SYSTEM32\DBGHELP.DLL
0x00007ffe96e40000 - 0x00007ffe96e71000 	C:\Windows\SYSTEM32\dbgcore.DLL
0x00007ffe97a30000 - 0x00007ffe97aaf000 	C:\Windows\System32\bcryptPrimitives.dll
0x00007ffe96180000 - 0x00007ffe9618e000 	C:\Program Files\Android\Android Studio\jbr\bin\instrument.dll
0x00007ffe75f60000 - 0x00007ffe75f80000 	C:\Program Files\Android\Android Studio\jbr\bin\java.dll
0x00007ffe75f40000 - 0x00007ffe75f58000 	C:\Program Files\Android\Android Studio\jbr\bin\zip.dll
0x00007ffe98d30000 - 0x00007ffe994f5000 	C:\Windows\System32\SHELL32.dll
0x00007ffe94880000 - 0x00007ffe950e2000 	C:\Windows\SYSTEM32\windows.storage.dll
0x00007ffe998a0000 - 0x00007ffe99c16000 	C:\Windows\System32\combase.dll
0x00007ffe94710000 - 0x00007ffe94877000 	C:\Windows\SYSTEM32\wintypes.dll
0x00007ffe996e0000 - 0x00007ffe997ca000 	C:\Windows\System32\SHCORE.dll
0x00007ffe98210000 - 0x00007ffe9826d000 	C:\Windows\System32\shlwapi.dll
0x00007ffe97600000 - 0x00007ffe97625000 	C:\Windows\SYSTEM32\profapi.dll
0x00007ffe75f30000 - 0x00007ffe75f40000 	C:\Program Files\Android\Android Studio\jbr\bin\net.dll
0x00007ffe8ed40000 - 0x00007ffe8ee54000 	C:\Windows\SYSTEM32\WINHTTP.dll
0x00007ffe95c30000 - 0x00007ffe95c97000 	C:\Windows\system32\mswsock.dll
0x00007ffe75f10000 - 0x00007ffe75f26000 	C:\Program Files\Android\Android Studio\jbr\bin\nio.dll
0x00007ffe96ee0000 - 0x00007ffe96ef0000 	C:\Program Files\Android\Android Studio\jbr\bin\verify.dll
0x00007ffe8aaf0000 - 0x00007ffe8ab17000 	C:\Users\MOSES\.gradle\native\660c5614fbf4a5f2a75b1949f50a0caf5cd603558e7d8a26e50b933a0cfb79d1\windows-amd64\native-platform.dll
0x00007ffe893b0000 - 0x00007ffe89427000 	C:\Users\MOSES\.gradle\native\0.2.8\x86_64-windows-gnu\gradle-fileevents.dll
0x00007ffe92680000 - 0x00007ffe92689000 	C:\Program Files\Android\Android Studio\jbr\bin\management.dll
0x00007ffe92670000 - 0x00007ffe9267b000 	C:\Program Files\Android\Android Studio\jbr\bin\management_ext.dll
0x00007ffe98c50000 - 0x00007ffe98c58000 	C:\Windows\System32\PSAPI.DLL
0x00007ffe95340000 - 0x00007ffe9536d000 	C:\Windows\SYSTEM32\IPHLPAPI.DLL
0x00007ffe98a90000 - 0x00007ffe98a99000 	C:\Windows\System32\NSI.dll
0x00007ffe92690000 - 0x00007ffe92699000 	C:\Program Files\Android\Android Studio\jbr\bin\extnet.dll
0x00007ffe97280000 - 0x00007ffe97298000 	C:\Windows\SYSTEM32\CRYPTSP.dll
0x00007ffe95780000 - 0x00007ffe957b5000 	C:\Windows\system32\rsaenh.dll
0x00007ffe95cd0000 - 0x00007ffe95cfc000 	C:\Windows\SYSTEM32\USERENV.dll
0x00007ffe96f00000 - 0x00007ffe96f27000 	C:\Windows\SYSTEM32\bcrypt.dll
0x00007ffe95e20000 - 0x00007ffe95e2c000 	C:\Windows\SYSTEM32\CRYPTBASE.dll
0x00007ffe13000000 - 0x00007ffe13008000 	C:\Windows\system32\wshunix.dll
0x00007ffe95370000 - 0x00007ffe95457000 	C:\Windows\SYSTEM32\DNSAPI.dll
0x0000000062e10000 - 0x0000000062e36000 	C:\Program Files\Bonjour\mdnsNSP.dll
0x00007ffe88370000 - 0x00007ffe8837a000 	C:\Windows\System32\rasadhlp.dll
0x00007ffe8c360000 - 0x00007ffe8c3e1000 	C:\Windows\System32\fwpuclnt.dll

JVMTI agents:
C:\Users\MOSES\.gradle\wrapper\dists\gradle-9.5.0-bin\bvnork1r7n8i6kp5cnkibsc9q\gradle-9.5.0\lib\agents\gradle-instrumentation-agent-9.5.0.jar path:C:\Program Files\Android\Android Studio\jbr\bin\instrument.dll, loaded, initialized, instrumentlib options:none

dbghelp: loaded successfully - version: 4.0.5 - missing functions: none
symbol engine: initialized successfully - sym options: 0x614 - pdb path: .;C:\Program Files\Android\Android Studio\jbr\bin;C:\Windows\SYSTEM32;C:\Windows\WinSxS\amd64_microsoft.windows.common-controls_6595b64144ccf1df_6.0.22000.120_none_9d947278b86cc467;C:\Program Files\Android\Android Studio\jbr\bin\server;C:\Users\MOSES\.gradle\native\660c5614fbf4a5f2a75b1949f50a0caf5cd603558e7d8a26e50b933a0cfb79d1\windows-amd64;C:\Users\MOSES\.gradle\native\0.2.8\x86_64-windows-gnu;C:\Program Files\Bonjour

VM Arguments:
jvm_args: --add-opens=java.base/java.lang=ALL-UNNAMED --add-opens=java.base/java.lang.invoke=ALL-UNNAMED --add-opens=java.base/java.util=ALL-UNNAMED --add-opens=java.prefs/java.util.prefs=ALL-UNNAMED --add-exports=jdk.compiler/com.sun.tools.javac.api=ALL-UNNAMED --add-exports=jdk.compiler/com.sun.tools.javac.util=ALL-UNNAMED --add-opens=java.base/java.nio.charset=ALL-UNNAMED --add-opens=java.base/java.net=ALL-UNNAMED --add-opens=java.base/java.util.concurrent=ALL-UNNAMED --add-opens=java.base/java.util.concurrent.atomic=ALL-UNNAMED --add-opens=java.xml/javax.xml.namespace=ALL-UNNAMED --add-opens=java.base/java.time=ALL-UNNAMED -Xmx2048m -Dfile.encoding=UTF-8 -Duser.country=US -Duser.language=en -Duser.variant -javaagent:C:\Users\MOSES\.gradle\wrapper\dists\gradle-9.5.0-bin\bvnork1r7n8i6kp5cnkibsc9q\gradle-9.5.0\lib\agents\gradle-instrumentation-agent-9.5.0.jar 
java_command: org.gradle.launcher.daemon.bootstrap.GradleDaemon 9.5.0
java_class_path (initial): C:\Users\MOSES\.gradle\wrapper\dists\gradle-9.5.0-bin\bvnork1r7n8i6kp5cnkibsc9q\gradle-9.5.0\lib\gradle-daemon-main-9.5.0.jar
Launcher Type: SUN_STANDARD

[Global flags]
     intx CICompilerCount                          = 3                                         {product} {ergonomic}
     uint ConcGCThreads                            = 1                                         {product} {ergonomic}
     uint G1ConcRefinementThreads                  = 4                                         {product} {ergonomic}
   size_t G1HeapRegionSize                         = 1048576                                   {product} {ergonomic}
    uintx GCDrainStackTargetSize                   = 64                                        {product} {ergonomic}
   size_t InitialHeapSize                          = 134217728                                 {product} {ergonomic}
   size_t MarkStackSize                            = 4194304                                   {product} {ergonomic}
   size_t MaxHeapSize                              = 2147483648                                {product} {command line}
   size_t MaxNewSize                               = 1287651328                                {product} {ergonomic}
   size_t MinHeapDeltaBytes                        = 1048576                                   {product} {ergonomic}
   size_t MinHeapSize                              = 8388608                                   {product} {ergonomic}
    uintx NonNMethodCodeHeapSize                   = 5832780                                {pd product} {ergonomic}
    uintx NonProfiledCodeHeapSize                  = 122912730                              {pd product} {ergonomic}
    uintx ProfiledCodeHeapSize                     = 122912730                              {pd product} {ergonomic}
    uintx ReservedCodeCacheSize                    = 251658240                              {pd product} {ergonomic}
     bool SegmentedCodeCache                       = true                                      {product} {ergonomic}
   size_t SoftMaxHeapSize                          = 2147483648                             {manageable} {ergonomic}
     bool UseCompressedOops                        = true                           {product lp64_product} {ergonomic}
     bool UseG1GC                                  = true                                      {product} {ergonomic}
     bool UseLargePagesIndividualAllocation        = false                                  {pd product} {ergonomic}

Logging:
Log output configuration:
 #0: stdout all=warning uptime,level,tags foldmultilines=false
 #1: stderr all=off uptime,level,tags foldmultilines=false

Release file:
JAVA_VERSION="21.0.10" 
MODULES="java.base java.compiler java.datatransfer java.xml java.prefs java.desktop java.instrument java.logging java.management java.security.sasl java.naming java.rmi java.management.rmi java.net.http java.scripting java.security.jgss java.transaction.xa java.sql java.sql.rowset java.xml.crypto java.se java.smartcardio jdk.accessibility jdk.internal.jvmstat jdk.attach jdk.charsets jdk.internal.opt jdk.zipfs jdk.compiler jdk.crypto.ec jdk.crypto.cryptoki jdk.dynalink jdk.hotspot.agent jdk.httpserver jdk.internal.ed jdk.internal.le jdk.internal.vm.ci jdk.jartool jdk.javadoc jdk.jcmd jdk.jdeps jdk.jdwp.agent jdk.jdi jdk.jfr jdk.jlink jdk.jsobject jdk.localedata jdk.management jdk.management.agent jdk.management.jfr jdk.naming.dns jdk.naming.rmi jdk.net jdk.sctp jdk.security.auth jdk.security.jgss jdk.unsupported jdk.unsupported.desktop jdk.xml.dom" 
IMPLEMENTOR="JetBrains s.r.o." 
JAVA_RUNTIME_VERSION="21.0.10+-14961533-b1163.108" 
LIBC="default" 
OS_ARCH="x86_64" 
OS_NAME="Windows" 
SOURCE=".:git:1351622c2ff2" 

Environment Variables:
JAVA_HOME=C:\Program Files\Android\Android Studio\jbr
PATH=C:\Windows\system32;C:\Windows;C:\Windows\System32\Wbem;C:\Windows\System32\WindowsPowerShell\v1.0\;C:\Windows\System32\OpenSSH\;C:\Program Files\dotnet\;C:\Program Files (x86)\dotnet\;C:\Program Files\nodejs\;C:\ProgramData\chocolatey\bin;%JAVA_HOME%\bin;%JAVA_HOME%\bin;C:\Program Files\Git\cmd;C:\Users\MOSES\AppData\Local\Microsoft\WindowsApps;C:\Users\MOSES\AppData\Roaming\npm;C:\src\flutter\bin
USERNAME=MOSES
OS=Windows_NT
PROCESSOR_IDENTIFIER=Intel64 Family 6 Model 58 Stepping 9, GenuineIntel
TMP=C:\Users\MOSES\AppData\Local\Temp
TEMP=C:\Users\MOSES\AppData\Local\Temp




Periodic native trim disabled

JNI global refs:
JNI global refs: 26, weak refs: 11

JNI global refs memory usage: 835, weak refs: 833

Process memory usage:
Resident Set Size: 744404K (9% of 8267660K total physical memory with 254752K free physical memory)

OOME stack traces (most recent first):
Classloader memory used:
Loader org.gradle.internal.classloader.VisitableURLClassLoader                         : 99967K
Loader bootstrap                                                                       : 32462K
Loader org.gradle.initialization.MixInLegacyTypesClassLoader                           : 13094K
Loader jdk.internal.loader.ClassLoaders$PlatformClassLoader                            : 498K
Loader jdk.internal.jrtfs.JrtFileSystemProvider$JrtFsLoader                            : 335K
Loader jdk.internal.reflect.DelegatingClassLoader                                      : 290K
Loader org.gradle.internal.classloader.VisitableURLClassLoader                         : 215K
Loader jdk.internal.loader.ClassLoaders$AppClassLoader                                 : 189K
Loader org.gradle.groovy.scripts.internal.DefaultScriptCompilationHandler$ScriptClassLoader: 148K
Loader org.gradle.internal.classloader.VisitableURLClassLoader$InstrumentingVisitableURLClassLoader: 85904B

Classes loaded by more than one classloader:
Class Program                                                                         : loaded 3 times (x 72B)
Class jdk.internal.jimage.BasicImageReader                                            : loaded 2 times (x 95B)
Class org.gradle.internal.classloader.ClassLoaderHierarchy                            : loaded 2 times (x 70B)
Class jdk.internal.jimage.decompressor.StringSharingDecompressorFactory               : loaded 2 times (x 74B)
Class org.gradle.internal.classloader.DefaultClassLoaderFactory                       : loaded 2 times (x 82B)
Class org.gradle.api.internal.DefaultClassPathProvider                                : loaded 2 times (x 76B)
Class [Lorg.gradle.api.internal.ClassPathProvider;                                    : loaded 2 times (x 69B)
Class org.gradle.api.internal.ClassPathProvider                                       : loaded 2 times (x 70B)
Class org.gradle.internal.service.UnknownServiceException                             : loaded 2 times (x 83B)
Class org.gradle.internal.classpath.TransformedClassPath                              : loaded 2 times (x 96B)
Class org.gradle.internal.classloader.InstrumentingClassLoader                        : loaded 2 times (x 70B)
Class org.gradle.internal.service.ServiceLocator                                      : loaded 2 times (x 70B)
Class jdk.internal.jrtfs.JrtFileSystemProvider                                        : loaded 2 times (x 101B)
Class jdk.internal.jimage.ImageLocation                                               : loaded 2 times (x 90B)
Class jdk.internal.jimage.ImageBufferCache$1                                          : loaded 2 times (x 83B)
Class jdk.internal.jimage.ImageBufferCache$2                                          : loaded 2 times (x 91B)
Class org.gradle.api.internal.classpath.DefaultModuleRegistry$DefaultModule           : loaded 2 times (x 82B)
Class org.gradle.api.internal.classpath.Module                                        : loaded 2 times (x 70B)
Class org.gradle.api.internal.classpath.UnknownModuleException                        : loaded 2 times (x 82B)
Class jdk.internal.jimage.ImageHeader                                                 : loaded 2 times (x 71B)
Class ijJvmDebugger1_bn5uerhgyla8pesj0nvzhknms$_run_closure1$_closure2                : loaded 2 times (x 140B)
Class org.gradle.api.internal.DefaultClassPathRegistry                                : loaded 2 times (x 76B)
Class org.gradle.internal.classpath.DefaultClassPath$ImmutableUniqueList              : loaded 2 times (x 199B)
Class org.gradle.api.internal.ClassPathRegistry                                       : loaded 2 times (x 70B)
Class jdk.internal.jimage.decompressor.ResourceDecompressor                           : loaded 2 times (x 70B)
Class ijJvmDebugger1_bn5uerhgyla8pesj0nvzhknms$_run_closure1                          : loaded 2 times (x 139B)
Class org.gradle.internal.classloader.FilteringClassLoader                            : loaded 2 times (x 105B)
Class Settings_gradle$1                                                               : loaded 2 times (x 75B)
Class org.gradle.internal.classpath.ClassPath                                         : loaded 2 times (x 70B)
Class ijKotlinCoroutineJvmDebugInit1_v9zznf1y1mr88qeisckkfbja$_run_closure1$_closure2 : loaded 2 times (x 139B)
Class org.gradle.api.internal.classpath.DefaultModuleRegistry$DefaultModuleAlias      : loaded 2 times (x 80B)
Class jdk.internal.jimage.ImageStringsReader                                          : loaded 2 times (x 80B)
Class jdk.internal.jimage.ImageReader                                                 : loaded 2 times (x 75B)
Class jdk.internal.jimage.ImageReader$SharedImageReader                               : loaded 2 times (x 95B)
Class org.gradle.api.internal.classpath.ModuleRegistry                                : loaded 2 times (x 70B)
Class org.gradle.internal.installation.GradleInstallation$1                           : loaded 2 times (x 75B)
Class jdk.internal.jimage.decompressor.ResourceDecompressorFactory                    : loaded 2 times (x 74B)
Class jdk.internal.jimage.ImageReader$Node                                            : loaded 2 times (x 84B)
Class org.gradle.api.internal.classpath.DefaultModuleRegistry                         : loaded 2 times (x 84B)
Class jdk.internal.jimage.BasicImageReader$1                                          : loaded 2 times (x 77B)
Class jdk.internal.jimage.decompressor.Decompressor                                   : loaded 2 times (x 72B)
Class org.gradle.internal.service.ServiceLookupException                              : loaded 2 times (x 82B)
Class ijJvmDebugger1_bn5uerhgyla8pesj0nvzhknms                                        : loaded 2 times (x 171B)
Class org.gradle.internal.classloader.ClassLoaderFactory                              : loaded 2 times (x 70B)
Class org.gradle.internal.service.CachingServiceLocator                               : loaded 2 times (x 82B)
Class jdk.internal.jimage.ImageBufferCache                                            : loaded 2 times (x 71B)
Class jdk.internal.jrtfs.JrtPath                                                      : loaded 2 times (x 118B)
Class org.gradle.internal.classloader.ClasspathUtil                                   : loaded 2 times (x 71B)
Class org.gradle.api.specs.Spec                                                       : loaded 2 times (x 70B)
Class jdk.internal.jimage.decompressor.ResourceDecompressorRepository                 : loaded 2 times (x 71B)
Class jdk.internal.jimage.ImageReader$Directory                                       : loaded 2 times (x 84B)
Class org.gradle.internal.classloader.VisitableURLClassLoader$InstrumentingVisitableURLClassLoader: loaded 2 times (x 123B)
Class org.gradle.internal.classloader.VisitableURLClassLoader$Spec                    : loaded 2 times (x 74B)
Class org.gradle.internal.classpath.DefaultClassPath                                  : loaded 2 times (x 90B)
Class jdk.internal.jimage.decompressor.ZipDecompressorFactory                         : loaded 2 times (x 74B)
Class org.gradle.internal.classloader.ClassLoaderSpec                                 : loaded 2 times (x 71B)
Class Settings_gradle$1$1                                                             : loaded 2 times (x 75B)
Class org.gradle.api.internal.classpath.Module$ModuleAlias                            : loaded 2 times (x 70B)
Class org.gradle.internal.classloader.VisitableURLClassLoader                         : loaded 2 times (x 117B)
Class Settings_gradle                                                                 : loaded 2 times (x 124B)
Class org.gradle.internal.Cast                                                        : loaded 2 times (x 71B)
Class org.gradle.api.Action                                                           : loaded 2 times (x 70B)
Class jdk.internal.jimage.decompressor.ZipDecompressor                                : loaded 2 times (x 75B)
Class org.gradle.internal.classpath.DefaultClassPath$ImmutableUniqueList$Builder      : loaded 2 times (x 75B)
Class org.gradle.api.GradleException                                                  : loaded 2 times (x 82B)
Class jdk.internal.jimage.ImageStrings                                                : loaded 2 times (x 70B)
Class org.gradle.internal.IoActions                                                   : loaded 2 times (x 71B)
Class jdk.internal.jrtfs.JrtFileSystem                                                : loaded 2 times (x 102B)
Class jdk.internal.jimage.decompressor.CompressedResourceHeader                       : loaded 2 times (x 71B)
Class ijKotlinCoroutineJvmDebugInit1_v9zznf1y1mr88qeisckkfbja                         : loaded 2 times (x 171B)
Class ijKotlinCoroutineJvmDebugInit1_v9zznf1y1mr88qeisckkfbja$_run_closure1           : loaded 2 times (x 139B)
Class Settings_gradle$1$1$1                                                           : loaded 2 times (x 75B)
Class org.gradle.internal.installation.CurrentGradleInstallationLocator               : loaded 2 times (x 71B)
Class org.gradle.internal.service.DefaultServiceLocator                               : loaded 2 times (x 83B)
Class org.gradle.internal.installation.CurrentGradleInstallation                      : loaded 2 times (x 73B)
Class org.gradle.util.internal.GUtil                                                  : loaded 2 times (x 71B)
Class org.gradle.internal.installation.GradleInstallation                             : loaded 2 times (x 75B)
Class jdk.internal.jimage.decompressor.ResourceDecompressor$StringsProvider           : loaded 2 times (x 70B)

---------------  S Y S T E M  ---------------

OS:
 Windows 11 , 64 bit Build 22000 (10.0.22000.2538)
OS uptime: 4 days 2:31 hours
Hyper-V role detected

CPU: total 4 (initial active 4) (2 cores per cpu, 2 threads per core) family 6 model 58 stepping 9 microcode 0x21, cx8, cmov, fxsr, ht, mmx, sse, sse2, sse3, ssse3, sse4.1, sse4.2, popcnt, tsc, tscinvbit, avx, aes, erms, clmul, vzeroupper, clflush, hv, rdtscp, f16c
Processor Information for the first 4 processors :
  Max Mhz: 1801, Current Mhz: 1801, Mhz Limit: 1801

Memory: 4k page, system-wide physical 8073M (251M free)
TotalPageFile size 22292M (AvailPageFile size 23M)
current process WorkingSet (physical memory assigned to process): 729M, peak: 729M
current process commit charge ("private bytes"): 853M, peak: 854M

vm_info: OpenJDK 64-Bit Server VM (21.0.10+-14961533-b1163.108) for windows-amd64 JRE (21.0.10+-14961533-b1163.108), built on 2026-03-02T19:58:50Z by "builder" with MS VC++ 16.10 / 16.11 (VS2019)

END.
